-- phpMyAdmin SQL Dump
-- version 4.0.6
-- http://www.phpmyadmin.net
--
-- Host: localhost
-- Generation Time: Jan 04, 2014 at 03:26 PM
-- Server version: 5.5.33
-- PHP Version: 5.5.3

SET SQL_MODE = "NO_AUTO_VALUE_ON_ZERO";
SET time_zone = "+00:00";

--
-- Database: `noterio`
--

-- --------------------------------------------------------

--
-- Table structure for table `books`
--

CREATE TABLE `books` (
  `bookid` int(11) NOT NULL AUTO_INCREMENT,
  `author` text,
  `pub` text,
  `date` text,
  `city` text,
  `title` text,
  `translator` text,
  `article` text,
  `vol` text,
  `issue` text,
  `misc` text,
  `type` text,
  `tags` text,
  `journal` text,
  `container` text,
  `url` text,
  `project` text,
  `user` text,
  `nickname` text,
  `pages` text,
  `note` text,
  `isbn` text,
  `parent` text,
  `dateUploaded` date NOT NULL,
  PRIMARY KEY (`bookid`)
) ENGINE=MyISAM  DEFAULT CHARSET=latin1 AUTO_INCREMENT=37 ;

--
-- Dumping data for table `books`
--

INSERT INTO `books` (`bookid`, `author`, `pub`, `date`, `city`, `title`, `translator`, `article`, `vol`, `issue`, `misc`, `type`, `tags`, `journal`, `container`, `url`, `project`, `user`, `nickname`, `pages`, `note`, `isbn`, `parent`, `dateUploaded`) VALUES
(8, '$author', '$pub', '$ddate', '$city', 'Emotion in the Thought of Sartre', NULL, NULL, NULL, NULL, NULL, NULL, NULL, NULL, NULL, NULL, NULL, NULL, NULL, NULL, NULL, NULL, NULL, '0000-00-00'),
(10, 'Pollard, Sidney', 'Basic Books', '1968', '', 'The Idea of Progress: History and Society', '', NULL, '', '', '', '', NULL, '', '', '', 'future', 'dw', '', NULL, NULL, NULL, NULL, '0000-00-00'),
(11, 'auhor,name', 'pub', 'jan. 1, 2001', '', 'title', '', NULL, 'volume', 'ish', 'miscagain', 'type', NULL, '', 'container', 'htt[://url.com', 'infohist', 'dw', 'nick', NULL, 'note', 'note', NULL, '0000-00-00'),
(12, 'Knox, Bernard', 'W.W. Norton & Co.', '1994', '', 'Backing into the Future', '', NULL, '', '', '', '', NULL, '', '', '', 'Future2', 'dw', '', NULL, '', '', NULL, '0000-00-00'),
(13, 'Tuula Mittilä and Anne-Mari Järvelin', 'Proceedings of the 17th IMP Conference', 'Sept., 2001', '', 'Expectation Management In Business Relations: Strategies', '', NULL, '', '', '', '', NULL, '', '', '', 'Future2', 'dw', '', NULL, '', '', NULL, '0000-00-00'),
(14, 'Cova, Bernard; Pace, Stefano; Salle, Robert', '', '', '', 'Expectation Management in Project Business: A Question of Renunciation', '', NULL, '', '', '', '', NULL, '', '', '', 'Future2', 'dw', '', NULL, '', '', NULL, '0000-00-00'),
(15, 'Clarke, Arthur C.', '', '', '', 'Explorations in Tomorrow', '', NULL, '', '', '', '', NULL, '', 'MATF', '', 'Future2', 'dw', '', NULL, '', '', NULL, '0000-00-00'),
(16, 'McHale, John', 'George Brazillier', '1969', '', 'The Future of the Future', '', NULL, '', '', '', '', NULL, '', '', '', 'Future2', 'dw', '', NULL, '', '', NULL, '0000-00-00'),
(17, 'Van Doren, Charles', 'Frederick A. Praeger', '1967', '', 'The Idea of Progress', '', NULL, '', '', '', '', NULL, '', '', '', 'Future2', 'dw', '', NULL, '', '', NULL, '0000-00-00'),
(18, 'Pavitt, K.L.R', '', '', '', 'Malthus and Other Economists', '', NULL, '', '', '', '', NULL, '', 'TATF', '', 'Future2', 'dw', '', NULL, '', '', NULL, '0000-00-00'),
(19, 'Freeman, Christopher', '', '', '', 'Malthus with a Computer', '', NULL, '', '', '', '', NULL, '', 'TATF', '', 'Future2', 'dw', '', NULL, '', '', NULL, '0000-00-00'),
(20, 'Gunn, James E., ed.', 'University Press of Kansas', '1968', '', 'Man and the Future', '', NULL, '', '', '', '', NULL, '', '', '', 'Future2', 'dw', 'MATF', NULL, 'Talks and panel discussions', '', NULL, '0000-00-00'),
(21, 'Breisach, Ernst', 'University of Chicago Press', '2003', '', 'On the Future of History: The Postmodernist Challenge and Its Aftermath', '', NULL, '', '', '', '', NULL, '', '', '', 'Future2', 'dw', '', NULL, '', '', NULL, '0000-00-00'),
(22, 'Churchill, R.C.', 'Werner Laurie', '1955', '', 'A Short History of the Future: Based on the most reliable authorities with maps, etc.', '', NULL, '', '', '', '', NULL, '', '', '', 'Future2', 'dw', '', NULL, '', '', NULL, '0000-00-00'),
(23, 'Wagar, W. Warren', 'University of Chicago Press', '1987', '', 'A Short History of the Future', '', NULL, '', '', '', '', NULL, '', '', '', 'Future2', 'dw', '', NULL, '', '', NULL, '0000-00-00'),
(24, 'Cole, H.S.D.; Curnow, R.C.', '', '', '', 'Evaluation of the World Models', '', NULL, '', '', '', '', NULL, '', 'TATF', '', 'Future2', 'dw', '', NULL, '', '', NULL, '0000-00-00'),
(25, 'Maleuvre, Didier', 'University of California Press', '2011', '', 'The Horizon: A History of Our Infinite Longing', '', NULL, '', '', '', '', NULL, '', '', '', 'Future2', 'dw', '', NULL, '', '', NULL, '0000-00-00'),
(26, 'Teggart, Frederick J.; REvised edition with introduction by George H. Hildebrand', 'University of California Press', '1949', '', 'The Idea of Progress: A Collection of Readings', '', NULL, '', '', '', '', NULL, '', '', '', 'Future2', 'dw', '', NULL, 'Revised edition', 'Revised edition', 'TATF', '0000-00-00'),
(27, 'Cole, H.S.D.', '', '', '', 'The Structure of the World Models', '', NULL, '', '', '', '', NULL, '', 'TATF', '', 'Future2', 'dw', '', NULL, 'Revised edition', 'Revised edition', 'TATF', '0000-00-00'),
(28, 'Cole, H.S.D.; Freeman, Christopher; Jahoda, Marie; Pavitt, K.L.R', 'Chatto & Windus', '1973', '', 'Thinking about the Future: A Critique of The Limits to Growth', '', NULL, '', '', '', 'anthology', NULL, '', '', '', 'Future2', 'dw', 'TATF', NULL, 'Revised edition', 'Revised edition', NULL, '0000-00-00'),
(31, 'Fell, Joseph P.', '', '1986', '', 'The Crisis of Reasong: A Reading of Heidegger''s Zur Seinsfrage', '', NULL, '2', '', '', '', NULL, '', '', '', 'Fell', 'dw', '', NULL, '', '', NULL, '0000-00-00'),
(35, 'Fell, Joseph P.', 'Columbia University Press', '1979', '', 'Heidegger and sartre: An Essay on Being and Place', '', NULL, '2', '', '', '', NULL, '', '', '', 'Fell', 'dw', '', NULL, '', '', NULL, '0000-00-00'),
(33, 'Fell, Joseph', 'Research in Phenomenology', '', '', 'Heidegger''s Mortals and Gods', '', NULL, 'XV', '', '', '', NULL, '', '', '', 'Fell', 'dw', '', NULL, '', '', NULL, '0000-00-00'),
(34, 'Fell, Joseph', 'The REview of Metaphysics', 'December, 1971', '', 'Heidegger''s Notion of Two Beginnings', '', NULL, '', '', '', '', NULL, '', '', '', 'Fell', 'dw', '', NULL, '', '', NULL, '0000-00-00'),
(36, 'Fell, Joseph P.', '', '1970', '', 'What is Philosophy', '', NULL, '2', '', 'Lecture', '', NULL, '', '', '', 'Fell', 'dw', '', NULL, '', '', NULL, '0000-00-00');

-- --------------------------------------------------------

--
-- Table structure for table `notes`
--

CREATE TABLE `notes` (
  `noteid` int(11) NOT NULL AUTO_INCREMENT,
  `bookid` int(11) DEFAULT NULL,
  `content` text,
  `page` text,
  `tagstring` text,
  `rating` text,
  `indent` int(4) NOT NULL,
  `origorder` int(4) NOT NULL,
  PRIMARY KEY (`noteid`),
  FULLTEXT KEY `notes_index` (`content`)
) ENGINE=MyISAM  DEFAULT CHARSET=latin1 AUTO_INCREMENT=774 ;

--
-- Dumping data for table `notes`
--

INSERT INTO `notes` (`noteid`, `bookid`, `content`, `page`, `tagstring`, `rating`, `indent`, `origorder`) VALUES
(14, 8, ' "The function of historical economics is too often viewed in much the same way as Descartes and his followers regarded history in general. They thought that it was invariant mathematical laws that held the struths about te nture of the world, and so took history''s usefulness to consist pirmairly in supplying illusrations of the workings of thos underlying aws."', '12-13', '', NULL, 0, 0),
(11, 8, ' NOTES', '', '', NULL, 0, 0),
(12, 8, ' Anthologizes papers presented to an International Symposium in 1999, on the topic of "The Economic Challenges of the Twenty-First Century in Historical Perspective" >', 'xv', ' econ', NULL, 0, 0),
(13, 8, ' "presentism": "presenting the past not on its own terms, but iwth an eye fixed on the conserns of the moment." >', '9', ' present', NULL, 0, 0),
(48, 10, ' "Manifestly, the idea of science we usually regard as Baconian is rooted in the requirments of the early capitalist economy and technology: its rudiements appear first in the treateises of fifteenth-century craftsmen." from Edgar Zilsel, "Geneis of the idea of scientific progress," journal of thisory of ideas, 6 (1945) p[. 346. CF his "Te Socilogical roots of science," American J of Sociology 47 (1943) >', '', 'readLater', NULL, 0, 0),
(45, 10, ' The battle of the ancients and the moderns: Could we surpass. Resolved around 1700 See Comte  >', '12', 'readLater', NULL, 0, 0),
(46, 10, ' By 1680s and 1690s, philosophers agreed we could surpass the ancients in science and tech. Belief in social prgress was slower.', '13', 'progress', NULL, 0, 0),
(47, 10, ' These ideas were rooted in the development of capitalism and of a new class of man.', '14-5', 'readLater', NULL, 0, 0),
(44, 10, 'Bishop Bossuet became the but t of Voltaire for not believeing in progress >', '', 'readLater', NULL, 0, 0),
(43, 10, ' Francis Bacon (along with Le Roy) thought we could go past the brilliance of the ancients.', '8', '', NULL, 0, 0),
(42, 10, ' Renaissance shattered old beliefs, ushering modern age. "the first expressins of the belief i pprogress emerged out of the creation of the new science itself..."', '6', '', NULL, 0, 0),
(41, 10, ' "[T]here was nthing in the heritage of antiquity to support the idea of human evolution and progress. Experience did not encourage the belief in an updward movement, wile mythology rather suggested a decline from the golden heroic age."', '5', '', NULL, 0, 0),
(38, 10, 'Greeks: cyclical history', '2', '', NULL, 0, 0),
(39, 10, ' Judeo-Christian history as a drama, narrative', '3', '', NULL, 0, 0),
(40, 10, ' S. Augustine and Christianity: preparing for the end. No evolution of human history, "only its apocalyptic end."', '3-4', '', NULL, 0, 0),
(37, 10, 'Ancients had no idea of history because they had no experience of change having a direction', '2', '', NULL, 0, 0),
(36, 10, 'ee Turgot, Condorcet >', '', 'readLater', NULL, 0, 0),
(35, 10, ' Also implies that this is true for all mankind, and a set of values outside of history itself against which progress can be measured.', 'vi', '', NULL, 0, 0),
(32, 10, 'NOTES', '', '', NULL, 0, 0),
(33, 10, 'Belief in progress "is always in the nature of a scientific prediction, based on the reading of history ... and the operation of laws of social development."', 'v', '', NULL, 0, 0),
(34, 10, ' Charles Van Doren: belief in progress "implies the assumption that a pattern of change exists in  the history of mankind, that this pattern is known, that it consists of irreversible changes in one general diection onl, and that this direction is towards improvement from ''a less desirable  to a more desirable state o affairs.''" (Van Doren, The Idea of Progress, 1967) >', 'v', 'van Doren', NULL, 0, 0),
(49, 11, ' NOTES', '', '', NULL, 0, 0),
(50, 11, 'note 1 >', '1', ' tag2', NULL, 0, 0),
(51, 11, '3note 2>', '', 'tag3', NULL, 0, 0),
(52, 12, ' Greek word opiso means "ilterally ''behind'' or ''back,'' refers not to the past but to the future. The early Greek imagination envisaged the past and the present as in front of us--we can see them. The future invisible, is behind us. Onlu a few very wise men can see what is behind them."', '11', '', NULL, 0, 0),
(53, 12, 'From the Christian Church on, we''ve looked forward to the future. Millennialism. Progress. "These modern futuramas have their irreconcilable differnces, but they have one thing in common: they all resolutely reject the past." ', '12', 'history', NULL, 0, 0),
(54, 13, ' "Expectations have been presented by Alderson and Martin (1965) as one of the three', '2', 'null', NULL, 0, 0),
(55, 13, 'imitive terms (or should we say concepts) that together are capable of describing', '', '', NULL, 0, 0),
(56, 13, 'ery kind of system relevant to marketing analysis, the other terms (or concepts) being', '', '', NULL, 0, 0),
(57, 13, 'ts and behaviour. "', '', '', NULL, 0, 0),
(58, 13, ' "According to Ojasalo (1999) the nature of expectations can be explicit, implicit, fuzzy,', '2', '', NULL, 0, 0),
(59, 13, 'alistic or unrealistic..."', '', '', NULL, 0, 0),
(60, 13, '"Expectations can also be official or unofficial."', '3', '', NULL, 0, 0),
(61, 13, ' Strategies include: intro-recative, extro-reactive, co-reactive, intro-proactive, co-proactive', '8-10', '', NULL, 0, 0),
(62, 14, 'keywords for this paper: Construction, Dreams, Ideal building, Project phases, Suffering.]', '', '', NULL, 0, 0),
(63, 14, ' specially interested in construction industry where expect mgt is a "major issue"', '2', '', NULL, 0, 0),
(64, 14, ' "Expectations cannot be considered as fixed marks. They evolve interacting with the service provided. Rust et al. (1999) show that expectations are constantly updated using a Bayesian framework) and they should be treated as a distribution, not as a constant value."', '3', '', NULL, 0, 0),
(65, 14, ' "The Construction Industry has a reputation for delivering defective buildings late and over cost and consequently not to meet customer expectations. The majority of customers - business customers or end customers - daunted by the reputation of the construction industry are often nervous about seeking new construction and this lack of confidence in the industry may have quite a serious impact upon the quality of the relationship between the customer and the construction company (Cox and Thompson, 1997). At the same time, unrealistic expectations are very frequent in project business. Indeed, the customer faced with a specific and complex problem can develop numerous possible and diverse solutions. Everything is open and the interaction with suppliers during the sale phase of a project adds more uncertainty to this diversity that generates highly unrealistic expectations."', '4', '', NULL, 0, 0),
(66, 15, 'Clarke''s three laws:1. "If a distinguished but elderl scientist sas tat something is possible e is almost certainly correct. If he was that something is impossible is very probably wrong." "By elderly scinetist I meant anyone over thirty." 2. "The only way one can find the limits of the possible are by goingbeyond them into the impossible." 3. "Any advanced technology is indistinguishable from magic."', '247-8', '', NULL, 0, 0),
(67, 16, '"Culurally...the idea of the future...is relatively new in human experience. Most  previous societies operated with quite different models... For some, the future was largely a continuation of the past." In the East, time was cyclical [p4] In the West, we think of the future as progress.', '3', '', NULL, 0, 0),
(68, 16, 'The West has believed the future is open since the industrial rev.', '6', '', NULL, 0, 0),
(69, 16, ' "Predicting the future is no longer the business of utopians orlunatics...Prediction...has now come to pervade many sectors of society. Governments and industries alike...foind that they are increasingly forced to think not only of the next ten or twenty years aheadm but of the next fifty -- or even the next hundred years." This is because our projects are so complex, e.g., "To send a anned space vehicle to the moon requires that work on the be project be started maany years before..." (written in 1969) ', '7', 'prediction', NULL, 0, 0),
(70, 16, 'Tech predictions are fairly easy, but social fiutres are not.', '8', '', NULL, 0, 0),
(71, 16, '"..man now has an enormously enhanced capacity to choose his future..." To do this, we need to "conceptualize" the future and act.', '9', '', NULL, 0, 0),
(72, 16, '"The future of the future is therefore what we degermined it to be...It is directly related to how we conceive of its possibilities potentials, and implications."', '10', '', NULL, 0, 0),
(73, 16, '"The range of predictions regarding the future is now relatively enormous."', '10', '', NULL, 0, 0),
(74, 16, 'Egypt, Persia, India and "the East" had a "long unchanging fixity of world view and a rigidty about the goals and purposes of societies, which did not include any doctrine of even gradual temporal progress..."', '25', 'progress, history', NULL, 0, 0),
(75, 16, 'Romaniticism glorified the past, revivified medievalism', '32-4', '', NULL, 0, 0),
(76, 16, ' Key to industrial age were "tools to make tools" i.e. machine tools.  First was  Wilkinson''s boring mill, in 1775, which made cylinders for Watt''s steam engine.', '', '', NULL, 0, 0),
(77, 16, '"...our present generation now faces the future with globally developed capacities that free man, for he first time, from many of the age-old fears of material scarcity...which have paralyzed his initiative and frustrated his ore innovative directions." ', '51', 'optimism', NULL, 0, 0),
(78, 16, '"A new and more sober assessment of the human condition has emerged, in which opimism regarding man''s aspirations and potentialitoes is tempered by he implications of his more negative prediclections. Te quality of huanity istf is no longer a God-gien constant, but a self-definition..."', '57', '', NULL, 0, 0),
(79, 17, 'The work was done collaboratively, says Mortimer Adler in the intro', 'xi', '', NULL, 0, 0),
(80, 17, ' All writers who believe in progress think it is irreversible and for the better (Adler in the intro)', 'xi', '', NULL, 0, 0),
(81, 17, ' "Progress, in short, is irreversible meliorative change."', '3', '', NULL, 0, 0),
(82, 17, '  Belief in progress involves four affirmations: (a) "A definite pattern of change exists in the history of mankind" b. "The pattern of change that is manifested in history is not only deisco verable but is also actually known." c. "The existent and known pattern of change in hitory is, in the long run, irreversible in direction." d. "The difetion of he irrevesible pattern of change in hisory is toward the better, i.e., is an improvement in the  state ogf man or an advance from a less to a more desirable state of affairs."', '4-6', '', NULL, 0, 0),
(83, 17, ' theories of hisory: progress, cyclical,regress, no pattern, no knowable pattern, can''t make value judgments about history', '8-12', '', NULL, 0, 0),
(84, 17, '11 theories of progress. Manifstation of cosmic procrss or totally human. Each divided in two, and each of the 4 is divided. Due to man''s collective memory, his reason?', '26', '', NULL, 0, 0),
(85, 17, 'Wiener on entropy', '155', '', NULL, 0, 0),
(86, 17, 'Progress in the fine arts? No, says turgot. We reached our height in the Augustan age.', '459', 'art', NULL, 0, 0),
(87, 17, ' within progress: a. necessary or contingent; b.  continues or plateaus out; c human nature progresses;', '14-15', '', NULL, 0, 0),
(88, 18, ' Problems with testing complex models: small systematic biases may be hard to detect but have large effects. The parameters are not independent.', '111', '', NULL, 0, 0),
(89, 19, 'The problem with Limits to Growth is the assumptions about the relationships.', '7', '', NULL, 0, 0),
(90, 19, 'This is not a purely technical problem. "It ids essential to look at the political bias and the values implicitly or explicitly present in any stud of social systems."', '7', '', NULL, 0, 0),
(91, 19, '"The model is the message."', '7', '', NULL, 0, 0),
(92, 19, 'Computer models should not replace mental models, a type of "computer fetishism." "The compuer fetishist endows the computer model with a validity and indepndent power which altogether transcends he mental models which are its essential basis."', '8', '', NULL, 0, 0),
(93, 19, ' "Computer models cannot replace theory."', '8', '', NULL, 0, 0),
(94, 19, ' E.g., it''s imporant to consider not just rates of growth, but composition and fruits of growth. Also, the MIT group "is underestimating the possibilities of continuous technical progress."', '10', '', NULL, 0, 0),
(95, 21, ' "In the late 1800s, Carl L. Becker and Henri Berr worried about the viability of history in light of what they saw as the more rapid modernization of the social sciences. They would be joied by Frereick Jackson Turner, James Harvey Robinson, and Karl KAmprecht in calling for and pioneeering a New History." They called for  preference be given to "deep, anonymous sdrucures and forces" over individuals and events (Turner''s words) ', '3', 'history, data, history', NULL, 0, 0),
(96, 21, ' pomos don''t want to define pomo because that "would draw tight orders aroud postmodernism and give preference to one meaning of the term over others," and "that would violate their very injnction against exclusions." ', '5', 'pomo, history', NULL, 0, 0),
(97, 21, ' Are we in posthistory, "a period...of infinite with an utterly new mdoe of human life"', '10', '', NULL, 0, 0),
(98, 21, 'pomos "chose the most uncompromising variant of progress as their antagonist: progress as the relentless and also merciless march of reason through time toward a totally new stage of human existence." a la condorcet . ', '12', 'progress, history', NULL, 0, 0),
(99, 22, ' Louis-Sébastien Mercier wrote <em>L'' An 2440</em> in 1772. "Called by some the Father of Historical Futurity," he described Paris in 2440. Women don''t use cosmetics, they take care of the family, "Marriages were founded on ove, not money; and anyone could marry anyone else."', '14', '', NULL, 0, 0),
(100, 22, ' Mercier: Men don'' wear swords.', '15', '', NULL, 0, 0),
(101, 23, ' This book predicts the future -- written as a look backwards from 200 yrs ahead -- and talks about the "bibliotel network" that distributes digitized docuents. "By the year 2030, the bibliotel etwork werved more than twenty iollio institutioal and indivirual subscribers in all countries. It held electroic copeis of ine-tenths of all te books, periodicals and achival colletios in the world; Supplekentary fees were charged for cpojsultig works still under copyright. Most of the world''s great gresearch libraries and archives were covertd into museums, visited more by tourists than by scholars." [So small because The World biblioel sutek as "oeprated by WT&T". It all "could have been made available to any purhcasr at cost. Buyt WT&T jealously guarded its hoard..." and "was he only available resource" [88-9] ', '', 'internet', NULL, 0, 0),
(102, 24, 'Problems with testing complex models: small systematic biases may be hard to detect but have large effects. The parameters are not independent.', '111', '', NULL, 0, 0),
(103, 25, ' "This vanishing -- the trace of human vision seeing itself out -- is indeed what we mean by horizon."', '2', '', NULL, 0, 0),
(104, 25, '"_Horizon_ highlights the subjective, makeshift nature of perceiived reality."', '2', '', NULL, 0, 0),
(105, 25, '"No one can logically or practically travel through the horizon."', '4', '', NULL, 0, 0),
(106, 25, ' Egypt''s "cultic activities" all assumed "the desirability of permanence, cyclical stability, and the absence of progress. No other culture has quite matched the ancient Egyptians in so single-mindedly [12] mobilizing against change."  3,000 years', '11', 'progress, egypt', NULL, 0, 0),
(107, 25, '"This fixation on permanence seems to be the oldest prevailing feature of the Egyptian civilization."', '12', '', NULL, 0, 0),
(108, 25, '"The three-millennium long tradition of apothecary burial rites...suggests the prospect of a rather domestic, physical afterlife....And where death promised ever more of the same, the same smacked ever more of death."', '13', 'death, egypt', NULL, 0, 0),
(109, 25, ' "In ancient Egypt, the denial of finitude was not just an aspect of civilization but its driving force..." ', '14', 'death, egypt', NULL, 0, 0),
(110, 25, ' Egypt didn''t see our origins as coming from a moment long ago (although they had a misty idea) but "as a daily occurrent, hence cyclical and timeless, that coincided with the sunrise." "Accordfingly the gods were praised not for spawning the world, but for begettging and maintaining it daily."', '14', '', NULL, 0, 0),
(111, 25, ' The Babylonians and Greeks "accepted change and death as elements of the cosmic balnace."', '14-15', '', NULL, 0, 0),
(112, 25, ' "The Egyptian worldview...represented the world seen from no particular standpoint." They showed what they knew [18-19]: they knew humans have two legs so they always show them. Appearance was being for them. Ra creates the world anew every morning by blinking. [20:] there is only one right place to view an Egyptian statue, unlike Greek that invite you look at it from different angles.', '18', '', NULL, 0, 0),
(113, 25, 'Egyptian horizon is "not a gateway to the unseen, but a sentry cordon that brackets off any inkling of escape."', '21', '', NULL, 0, 0),
(114, 25, ' Exception: 17-yr rule of King Amenhotep IV. One god: Aten. Sunlight. Couldn''t be captured in images. [25] Art now shows pictures of real life, unidealized figures including the king.', '24', '', NULL, 0, 0),
(115, 25, 'The opening  of the Gilgamesh says it will tell us of the life and deeds of Gilgamesh. "To see and know all: alive already is the impulse to shape life into a finite hwhole..."', '30', '', NULL, 0, 0),
(116, 25, 'It''s going to tell us all. "The premise, and promise, of any story is that it conveys _all_ there is to say..." "We have fiction  so as to see  life as a fintie sum--to jump beyond the horizon and behold the whole thing, round like the Earth seen from outer space." ', '31', 'story, Mesopotamia', NULL, 0, 0),
(117, 25, 'Odysseus is a hero "hankering after the human lot."', '40', '', NULL, 0, 0),
(118, 25, 'Genesis leads us to entertain "a situation where the world is nothing but a possibility."', '53', '', NULL, 0, 0),
(119, 25, ' "The human condition is a gateway." "In essence, the Christina religion suggested that we are not what we are; that we are what we _will_ be -- gods in waiting. Our essence is potentiality, not actuality." ', '103', 'death, Christianity', NULL, 0, 0),
(120, 25, ' "The Renaissance...moved the infinite into the field of perception."  via perspective. It instigated the "emotional, personal apprehension of the _looming_  infinite."', '148', '', NULL, 0, 0),
(121, 25, 'Kant: Time cannot be finite or infinite. He left this as an antinomy, unresolved.', '222-3', 'kant,', NULL, 0, 0),
(122, 25, 'Manifest Destiny John O''Sullivan 1839, ("the great nation of futurity" [254]) but Great Awakening thought the end was nigh. Walt Whitman "brings the two myths lip to lip." [254] Quotes "Pioneers! O Pioneers!" lines 128-30, 170-5.  "This is the future seen not as promise but as entitlement." ', '252-3', 'USA,', NULL, 0, 0),
(123, 25, ' "To the nineteenth-century settler, the land as more than mere ''stuff.'' It was a plan, a destiny, a biblical foldout. Nature was allegorical and pointed beyond itself."', '256', 'USA,', NULL, 0, 0),
(124, 25, '"By temprament...the American soul believes it _can_ have it both ways, the Edenic and the epic, history and eternity." ', '259', 'USA,', NULL, 0, 0),
(125, 26, ' Idea of progress  assumes there is a pattern in history, that there is a "controlling variable", and that this pattern "has brought and will continue to bring omprovement in the condition of mankind."', '4 intro', '', NULL, 0, 0),
(126, 26, ' other ideas of history: degeneration from a Golden Age, cycles, Providence', '4 intro', '', NULL, 0, 0),
(127, 26, ' for plato and aristotle, the state was like a body, and change was decay once maturity was reached. Aim was to "prevent innovation and the onset of decay."', '8 intro', '', NULL, 0, 0),
(128, 26, ' Polybius (Roman 204bcd-122bce), cycles, the defeat of Carthage was because Carthage was older. "all states had their natural course of growth and decline." Lucreitus: all things are destroyed and begun anew.', '8 intro', '', NULL, 0, 0),
(129, 26, ' Augustine: All history heads in X''s direction. Not cycles. Change is teleological.', '9 intr0', '', NULL, 0, 0),
(130, 26, ' Machiavelli also thought states were organic and thus went through a cycle. The disease that corrupts the state is human selfishness.', '10 intr', '', NULL, 0, 0),
(131, 26, ' Jean Bodin: states follow a cycle, but there is progress in the cycles. Didn''t project this forward indefinitely.', '10-11 intro', '', NULL, 0, 0),
(132, 26, ' Quarrel of the Ancients and Moderns in 17th C: progress because knowledge increases. Descartes: providence not active in nature. Bernard Le Bovier de Fontenelle and Charles Perrault: Human affiars are governed by natural laws.  Pascal: Mankind grows wiser, just as individuals do. Fontenelle: man "will hae no old age...and there will be no end to the growth and development of human wisdom." Finally, progress is normal and natural, although it can be interfered with.', '12 intro', '', NULL, 0, 0),
(133, 26, ' Progress was a result of man''s nature, so "much effort in the eighteenth century was given to illustrating the supposed uniformity of human nature among the peoples of the world, apst and present:" Cgf. Hobbes on "the similitude of the passions" and Father Joseph Lafitau, Adam Ferguson, William Robertson (schottish historian)', '13 intro', '', NULL, 0, 0),
(134, 26, ' Turgot was "easily the greatest intellect of the Englightenment."', '14-15 intro', '', NULL, 0, 0),
(135, 26, ' Turgot: progress because of  accumulation of knowledge (as Locke said). Knowledge has gone through three stages: myth (gods are causes), essences and culties, science. [16] Human mind is the same everywhere.', '15 intro', '', NULL, 0, 0),
(136, 26, ' Condorcet: progress due to knowledge, "the rooting out of erors and prejudices, and in the relase of man from bondage to obsolete institutions." Progress is "necessary and inevitable" [17] saw ten stages (tenth began with French Rev). Progress is a natural tendence, sometimes blocked  by "obstacles" such as bad climate', '16 intro', '', NULL, 0, 0),
(137, 26, ' Comte objected to the individualism of his predecessors. It was creating anarchy. Lookined for what would restore collective unity. Knowledge goes through Turgot''s three stages. Eacg science goes through these stages. Now "social physics" or "sociology" was going through those tages, [19] so that Comte''s own work would form "a theoretical basis for what he called ''the final reorganization of society.''" Human nature has an instinct for betterment [hence the motive force of progress]', '18 intro', '', NULL, 0, 0),
(138, 26, 'JS Mill progress, but because of psychology, not history: cam be deduced from nature of our minds.', '20-1 intro', '', NULL, 0, 0),
(139, 26, ' Marx: "each society...followed an inevitable natural course of change": tribl, clas soc, industrial communism. This is because of the "mode of economic production" [23] Mode of production leads to economic division of labor, rise of private property, class society', '22 intro', '', NULL, 0, 0),
(140, 26, ' Darwin in Descent of Man: natural selection  "acts only tenatively" in advancing society [26] "For Darwin, progress in human affairs appeared less as an inevitability than as a latent tendency that found epxression only under specific conditions."', '25 intro', '', NULL, 0, 0),
(141, 27, '"Criticisms of the model have to be computerised to be believed."', '22', '', NULL, 0, 0),
(142, 27, 'Features of te world model: <li>closed system <li>major parameters are chosen  <li>interations and feedback loops  <li>"use of world averages for all parameters"  <li>"the amount of detail"  <li>"the non-probabilistic nature of its predictions"', '25', '', NULL, 0, 0),
(143, 31, ' how reason is "regrounded or situated by H" ', '41', 'ground,begin', NULL, 0, 1),
(144, 31, ' Problem with reason is that it "appears to owe nothing to the world it reasons about." Thus, things lose their meaning ', '46', 'ground,origin,situation', NULL, 0, 2),
(145, 31, ' "The task, then would not be to arrive at it [the meaning of beings] for the first time, but to remember it." ', '47', '47 time', NULL, 0, 3),
(146, 31, ' "True going-forward is _itself_ a going back." ', '47', 'time', NULL, 0, 4),
(147, 31, ' phil controversies are grounded in a prior disclosure that lets them go forward. ', '49', 'origin, time', NULL, 0, 5),
(148, 31, ' Aristotle: "...interaction between two factors is held to require a precedent community of nature between the factors. De Anima', '50', '', NULL, 0, 6),
(149, 31, ' phil problems arise from abstraction from original "initial inner union" This is the existential a priori, the always already. Comes to us as the future.', '51', 'time', NULL, 0, 7),
(204, 35, ' inauth = disowning what you already are ', '39', 'authenticity', NULL, 0, 16),
(203, 35, ' "The fundamental force of Heidgger''s incessantly repeated expression''always already'' (immer schon) is as a constant reminder that tht the union of essence nd existence, of idea and entityt, that phlosophy seeks to construct out of subjective nd  objective factors is already there in the most ordinary human experience." ', '37-8', 'always already', NULL, 0, 15),
(202, 35, 'SZ "deals primarily with Da-sein and hence with Sein insofar as it is da." [Being there is an always already out there, like the always already] ', '32', 'rupture, always already', NULL, 0, 14),
(200, 35, 'Fundamenetal question:"what must the ground of the phenomenon be if the phenonmenon is to be a disclosure of Being?"', '27', '', NULL, 0, 12),
(201, 35, ' SZ is an attempt to heal a broken ontological totality that he inherits from his philosophical predecessors."', '31', 'rupture', NULL, 0, 13),
(199, 35, ' The three questions he frames for H and S are all about beginning points: where does one begin from (everyday or reduced?) , can ontology avoid metaphysics and human grounding, can phenomena unify being and awareness?', '25-7', '', NULL, 0, 11),
(198, 35, ' The community of essences, of subject and object, is the "crucial ontologial problem inherited by H and S from Husserl and, through Husserl, from the modern  ontological tradition." It goes back to Aristotle.', '20', 'prior community', NULL, 0, 10),
(197, 35, ' The answer depends on what we take as being the ground of the unity of thought and being ', '11', 'ground', NULL, 0, 9),
(195, 35, 'hrown into a broken world -- broken by philosophy', '', '', NULL, 0, 7),
(196, 35, ' Hegel thought phenomena reveal themselves without residue, an identity of thought and being, which Fell says is a founding thought of Fell''s book which is going to work out the meaning of that identity for H and S', '10', '', NULL, 0, 8),
(194, 35, ' Fell reads modern phil as an attempt to find a "third way" out of the "broken totality"', '8', 'thrown', NULL, 0, 6),
(193, 35, ' A risk the bok takes: "above all, an attempt to employ the notions of ''familiarity'', ''community of nature'' and ''place'' as primary ontological categories in interpreting the fundamental significance of H''s and S''s ontologies." ', 'xiv', 'community,already', NULL, 0, 5),
(192, 35, ' Subtitle  "is intended to suggest a correlation between ontology and the environment in which it is a proposied -- a correltation tha both thinkers are driven to make."', 'xii', 'thrown', NULL, 0, 4),
(191, 35, ' The differences in their "lide-style" are "philosophically relevant" ..."becauyse a philosophy is not propounded ina vacuum but by a particular person in a particular historical situation."', 'xii', 'thrown, history', NULL, 0, 3),
(190, 35, ' "They represent two fundamental diredtions or alternative routes that their common philosophical inheritance makes possible at the present time." ', 'ix', 'thrown, history', NULL, 0, 2),
(189, 35, ' Why this book? Common heritage, common ontological problem, with divergent answers', 'ix', '', NULL, 0, 1),
(169, 33, '"The entirety of Heidegger''s thinking turn out to be a protratracted efforty at remembering _the place_ in which all human experience...has always come to pass. This lifelong effort was necessary because this place has dissimulated itselfg through the history of metaphysics; the epochs of metaphysics are differing modes of forgetting of the place." ', '29', 'forgetting,hidden', NULL, 0, 1),
(170, 33, ' "metaphysics has unknowingly sought for what is already given." ', '29', 'beginning', NULL, 0, 2),
(171, 33, ' metaphysics counts on a place that is already given in which its positing takes place. "This place, then, has lain in oblivion...inthe way that something very near can be missed... ', '29', 'beginning,hidden, near', NULL, 0, 3),
(172, 33, 'Ge-stell [Com-position] is "the Fourfold''s own self-dissimulation"', '31', 'hidden, fourfold', NULL, 0, 4),
(173, 33, ' To undertstand 4fold have to understand H''s earlier work. [just like Greeks] ', '31', 'beginning', NULL, 0, 5),
(174, 33, 'being toward death and relation to gods: past is repeating or retrieval ', '32', 'time, beginning', NULL, 0, 6),
(175, 33, ' death reveals the nothing that discloses [quoting demske] "the questionableness of beings and thus brings Being itself to appearance"', '33', 'death,hidden,being', NULL, 0, 7),
(176, 33, ' The absence of the gods keeps absolutes out of the picture. ', '35-6', 'absence', NULL, 0, 8),
(177, 34, ' Best way to think about the "other beginning" is "by mediating along with him on this relation" between the Greek beginning and the new beginning. [why?] ', '213', 'greek', NULL, 0, 1),
(178, 34, ' "Thus  it is established that  Standardization dissimulates the  very source of its own being." ', '218', 'authenticity, seeming', NULL, 0, 2),
(179, 34, ' "These passages, which are crucial for my interpretation, argue that the demanding of Standardization receives its ''commission'' (Schickung) from "the center of te whole illimitable relation...", the "self-dissimulating intro-play" of the Four ', '220', 'authenticity, seeming, fourfold', NULL, 0, 3),
(180, 34, ' "It is impossible to overestimage the importance, for the later H''s thinking, of the notion of ''contemporaneity'' (Gleichzeitigkeit)..." > time', '220', '', NULL, 0, 4),
(181, 34, ' "Further and more important for my argument, H stresses that this analuysis applies to _absence_ as well as to presence." ', '221', 'absence', NULL, 0, 5),
(182, 34, ' "H continues, in a passage dserving great stress: ...": there is never mere succession, but "respsecively passing-over and contemporarinety of the early and the late." Fell:"In what sense is absence the presence of a ''concealed fullness''?" ', '221', 'hidden, seeming', NULL, 0, 6),
(183, 34, ' "For Heidegger what has come to be (das Gewesene) first comes to us dissimulated or veiled...", andthat is the problem with Standardization ', '221', 'hidden', NULL, 0, 7),
(184, 34, ' Standardization dis-owns is source ', '222', 'authenticity, hidden', NULL, 0, 8),
(185, 34, 'ME: philosophy as unconcealing but in a way that leaves it concealed (not mere exposure) because of the nature of time: the origin is present. Tie to Aristotle''s for the beginning is more than half of the way. Also Fell''s interest in authenticity. Sartre has no concept of beginning. Tie to my own crisis', '0', '', NULL, 0, 9),
(186, 34, 'Standardization is thus only the Fourfold''s greatest possible self-dissimulation." ', '222', 'hidden,authenticity', NULL, 0, 10),
(187, 34, ' "...appearances cannot be taken at face value but are appearanes of what does not appear." ', '223', 'hidden,seeming,authenticity', NULL, 0, 11),
(188, 34, ' The Fourfold lies hidden, does not show itself at all', '225', 'hidden', NULL, 0, 12),
(205, 35, ' cites aristotle precedent community of nature. "''Dasein is the Being of this in between''"', '42-3', 'aristotle', NULL, 0, 17),
(206, 35, ' Cites Aristotle precedent community again as critique of Sartre: negation rules out community', '90', 'aristotle', NULL, 0, 18),
(207, 35, ' Dasein is the locale of the truth of Being. The there of beings is the clearing within which objective beings exist', '47', '', NULL, 0, 19),
(208, 35, ' H interprets Western metaphysics as quest for a secure ground. ', '57', 'play', NULL, 0, 20),
(209, 35, ' The "moment of vision" in SZ is a reapproprition of fallen everydayness, not an escape from it. ', '61', 'fallible', NULL, 0, 21),
(210, 35, ' moment of vision is not an "airy transcendence but rather a reconciliation with a Dasein that is always already ''there''. This is H''s freedom. ', '62', 'fallible', NULL, 0, 22),
(211, 35, 'Does Dasein ground itself? Nope. ', '62', 'ground', NULL, 0, 23),
(212, 35, ' Conc. of SZ section: phenomenon is what it is ', '65', 'vp,,imoyu of its ground as the unity of thought and being', NULL, 0, 24),
(213, 35, ' Sartre''s mistake: the ground of the phenomenon is actual "prior to the intervention of understanding..." [there is no precedent community]', '81', 'always-already', NULL, 0, 25),
(214, 35, ' Fell''s suggestion: heal the "sharp duality" by finding it to be a duality within "a prior and projected unity..." [92] "...the broken totality" is not "healed."', '91-2', '', NULL, 0, 26),
(215, 35, 'H wants to free the unspoken thought, hidden by Being''s own forgetfulness', '98', '', NULL, 0, 27),
(216, 35, 'The turn was due to a reinterpretatio of ground based on world and nothingn es', '98', 'ground,turn', NULL, 0, 28),
(217, 35, 'Dasein''s world is the "condition of both the phenomenon''s presence for us and its intelligibiliy." "This particular referential totality...is not simply individual but rather is communal...Thus the ''precedent community of nature'' is quite literally communal and it is incumbent on the true resoluteness to own up to thep rior communality."', '122', 'precedent, aristotle', NULL, 0, 29),
(218, 36, ' phil is "_the activity of holding oneself reflectively in a freee space_." ', '4', 'phil,situated', NULL, 0, 1),
(219, 36, ' "Phil ios a movement of and towards reflection. Reflection is a state of separation or withdrawal." What''s why philers are thought of as being "''out of it''".', '4', 'hidden', NULL, 0, 2),
(220, 36, ' Phil beings in Ionia, in lesiure because you need that for specualtion and "wonder"', '5', 'awe', NULL, 0, 3),
(221, 36, '"...the philosopher can and should let his mind roam, because he is in a position to consider alternatives t hat seldom get considered by people who are already committed. There are all kindsof ways to get committed: tradition, family, church, fraterenities, the state, etc. Society, one might argue, conspires to get us committed." [Can phil be free of situation?]', '6', 'situated', NULL, 0, 4),
(222, 36, 'to philosophize is "to affirm thinking as a self-governing region." As opposed to "Though which simply mirrors inherited opinion, or thich which reflectively utters beliefs to which one is long habituated..."', '7', 'situated', NULL, 0, 5),
(223, 36, '"So long as the conclusion of one''s thought is dictated in advance by some personal interest, thec onclusion of one''s thought is not dictated by the thinking itself."', '8', 'situated', NULL, 0, 6),
(224, 36, '",,,toi hold one self reflectively in a free space is to attempt _distinteretsed_ thinking." But this is not uinterested: thinking aboiut something indicates that "one has some stake in thinking it"', '8', 'situated', NULL, 0, 7),
(225, 36, ' "Motivationally, I believe that all thinking is in one sense a function of desire." ', '8', 'situated,care', NULL, 0, 8),
(226, 36, ' Scientist can''t leave himself behind, "his desire to pursue his science for whatever personal reasons he may have: money, fame, self-esteem, love of scholarship, and so forth. He does not and cannot escape the fact that certain idiosyncracies of his teperament and perhaps even certain caccidents of his upbringing may account for the fact that he is a chemist rther than a geologist..." ', '8', 'situated', NULL, 0, 9),
(227, 36, ' But desire does not determine the truth. "...the fchemist is subjecting himself to disinterested conditions."', '9', 'situated,care', NULL, 0, 10),
(228, 36, 'Anyone proposing a theory as a theory _about" "some part of his environemnt is also committing himself to a reflective free space."', '11', '', NULL, 0, 11),
(229, 36, 'this free space is a "community of mutual respect."', '12', '', NULL, 0, 12),
(230, 36, ' "...philosophy is the passionate pursuit of the dispassionate..."', '12', '', NULL, 0, 13),
(231, 36, ' The other side of the coin. Play is "the most essential of human activities..because play is thec ontrolled enjoyment of a free space which under other conditions is a source of _anxiety_?', '16', '', NULL, 0, 14),
(232, 36, ' "The price of a free space is that _nothing_ determines it."', '17', '', NULL, 0, 15),
(233, 36, ' "Pure possibility -- which is "nothing"-- is a source of anxiety."', '17', 'possibility', NULL, 0, 16),
(234, 36, 'Flower power is a reaction against the future and use orientation of our culture', '20-21', '', NULL, 0, 17),
(235, 36, ' "Where there is fact, there are no alternatives. We clash where there is freedom to differ, in the free space."', '21', '', NULL, 0, 18),
(236, 36, ' We are in a clash of worldviews. "Every world-view has its ontology as well as its attitude toward time" [heidegger]', '21', '', NULL, 0, 19),
(237, 36, 'There is a more fundamental ontology than the instrumental one. "_who_ is it that harnesses? _What_ is it that is harnessed?"', '24', '', NULL, 0, 20),
(238, 36, 'Who is the harnesser? "a wibdereder, a ontemplator, the c reation of god or gods, not the master of his fate but one mstered by fate, a lover of beaty, a son of the earth."" He is a source of possibilityies, and it is there fore a betrayal of what he essentially is gto reduce him to one of his possibilities, namely narnessing or producing or mastering. Her is a source of possibilities becvause he cdan inhaboit the free-space, te space of alternatives, the space given him by language..." ', '24', 'possibility', NULL, 0, 21),
(239, 36, 'things also should be understood to be more than for our use. "A forest must first be a forest in order to be a ''national resource.'' It has _possible_ uses only because it is there as something which might or might not be used. It essentially exceeds any particularuse or definition of it."', '24-5', 'possibility', NULL, 0, 22),
(240, 36, ' We should pay attention to the limits of our ability to define and delimit. "the fintieness of our defining"', '25', '', NULL, 0, 23),
(241, 36, ' “a cluse to the missing common context: the clue is _possibility_."', '26', 'possiblity', NULL, 0, 24),
(242, 36, ' Requirtes humility', '26', '', NULL, 0, 25),
(243, 36, ' There is no true community where one perspective conquers all others."', '27', '', NULL, 0, 26),
(244, 36, ' "''to be'' conveys the notion that beyond and behind what we take to be the simple fact orf the mere thing there is _more_, there are possibilities."', '28', 'possibilities, hidden', NULL, 0, 27),
(245, 36, ' Love of wisdom requires "respect for the _way_, which is reflecive and dsipassionate discourse, and rspect for the _source_, which is the common context of all oiur reflection anddiscourse."', '30', 'possibilitiy,hidden', NULL, 0, 28),
(246, 0, '', '', '', NULL, 0, 1),
(247, 0, 'Why this topic? Because Sartre proposed that "the emotional response is an _act_, a ''chosen'' response which attempts to transform ''magically'' a situation which present difficulties not resolvabe by ordinary pragmatic means." [this makes emotion too clear. Explains it away. For Heid it is a hidden way the world shows itself.] ', 'vii', 'hidden', NULL, 0, 2),
(248, 0, ' "...for Sartre emtion is one  mode of that atempt to achieve self-identity which he holds to be the irreducible motionational explanation for all human behavior." ', 'viii', 'social', NULL, 0, 3),
(249, 0, ' He was wrting about emotion 13 yrs before S''s book', '3', '', NULL, 0, 4),
(250, 0, 'introduces H''s view of emotion by syaing it "something essential...is lost if emotion is studied in abstraction from concrete situations."', '3', 'concrete', NULL, 0, 5),
(251, 0, ' S''s first formulation: "Emoptional cssnss is, at first, cssnss _of_ the world."', '13', '', NULL, 0, 6),
(252, 0, 'S says: "Emotion is a certain way of apprehending the world." [this doesn''t sound radical]', '14', '', NULL, 0, 7),
(253, 0, 'Magical: We faint before gunman as a magical way to remove the threat. Counter-instrumental or pragmatic. [Emotion as a false disclosure]', '16', '', NULL, 0, 8),
(254, 0, ' "Emoion is a way of acting _on ourselfs_ when action in the pramatic world is of not avail. The ''magic'' consists in the fact that our action on ourselves..is intended as a transformation _of the world_..."', '17', '', NULL, 0, 9),
(255, 0, ' "It is significant that Sartre refers to emotino as a ''degradataion'' of cssnsss." "S''s catalog of emotions is a catalog of self-deceptions." (24) "If S is correct, _all_ emotions are negative -- in the sense that their purpose is to negate a problematic world."', '22', '', NULL, 0, 10),
(256, 0, 'Emotion [and thus deception] extend beyond the object of the emotion. "Emotion does not change me without changing the entire world."', '30', '', NULL, 0, 11),
(257, 0, 'Sartre''s second formulation, The Psychology of Imagination, "is in effect a systematic attempt to answer the question: To what extent dopes cssnss contribute to the constutitons of objects of cssnss?"', '35', '', NULL, 0, 12),
(258, 0, 'Sartre: "But the feeling of hatred is not the cssnss _of_ hatred; it is the cssnss _of_ Paul as hateful..." ', '39', 'concrete', NULL, 0, 13),
(259, 0, 'Imagination [the 2nd formulation of emotion] is also magical', '42', '', NULL, 0, 14),
(260, 0, 'S''s  "amjor and pivotal assumption": "...the character of  of css beavior  is originated solely by cssnss itself." 51 As S says:" Nothing but cssnss can be the source of cssnss." ', '51', 'ground', NULL, 0, 15),
(261, 0, ' "The most fundamental insight which S derives from H is that any adequate theory of the nature of human experience is uniquely determined by man''s compreshnsion of the ''woirld'' in which he finds himself."', '43', 'bitw', NULL, 0, 16),
(262, 0, 'Cssnss is the desire to be. Implies negation', '54', '', NULL, 0, 17),
(263, 0, '  anguish is "a privileged emotion."   72: only angst is non-magical ', '61', 'angst', NULL, 0, 18),
(264, 0, ' "shame signifies awareness of my ''being-for-others''"', '67', 'angstu', NULL, 0, 19),
(265, 0, ' choice, freedom', '85', '', NULL, 0, 20),
(266, 0, 'S takes from H that emo is a way of bitw (129) but H doesn''t think emo = magical transfrmation of the world', '128', '', NULL, 0, 21),
(267, 0, 'Fell takes a simple case -- swatting a roach -- to show that S''s theory doesn''t hold up', '141', '', NULL, 0, 22),
(268, 0, '', '', '', NULL, 0, 1),
(269, 0, 'Why this topic? Because Sartre proposed that "the emotional response is an _act_, a ''chosen'' response which attempts to transform ''magically'' a situation which present difficulties not resolvabe by ordinary pragmatic means." [this makes emotion too clear. Explains it away. For Heid it is a hidden way the world shows itself.] ', 'vii', 'hidden', NULL, 0, 2),
(270, 0, ' "...for Sartre emtion is one  mode of that atempt to achieve self-identity which he holds to be the irreducible motionational explanation for all human behavior." ', 'viii', 'social', NULL, 0, 3),
(271, 0, ' He was wrting about emotion 13 yrs before S''s book', '3', '', NULL, 0, 4),
(272, 0, 'introduces H''s view of emotion by syaing it "something essential...is lost if emotion is studied in abstraction from concrete situations."', '3', 'concrete', NULL, 0, 5),
(273, 0, ' S''s first formulation: "Emoptional cssnss is, at first, cssnss _of_ the world."', '13', '', NULL, 0, 6),
(274, 0, 'S says: "Emotion is a certain way of apprehending the world." [this doesn''t sound radical]', '14', '', NULL, 0, 7),
(275, 0, 'Magical: We faint before gunman as a magical way to remove the threat. Counter-instrumental or pragmatic. [Emotion as a false disclosure]', '16', '', NULL, 0, 8),
(276, 0, ' "Emoion is a way of acting _on ourselfs_ when action in the pramatic world is of not avail. The ''magic'' consists in the fact that our action on ourselves..is intended as a transformation _of the world_..."', '17', '', NULL, 0, 9),
(277, 0, ' "It is significant that Sartre refers to emotino as a ''degradataion'' of cssnsss." "S''s catalog of emotions is a catalog of self-deceptions." (24) "If S is correct, _all_ emotions are negative -- in the sense that their purpose is to negate a problematic world."', '22', '', NULL, 0, 10),
(278, 0, 'Emotion [and thus deception] extend beyond the object of the emotion. "Emotion does not change me without changing the entire world."', '30', '', NULL, 0, 11),
(279, 0, 'Sartre''s second formulation, The Psychology of Imagination, "is in effect a systematic attempt to answer the question: To what extent dopes cssnss contribute to the constutitons of objects of cssnss?"', '35', '', NULL, 0, 12),
(280, 0, 'Sartre: "But the feeling of hatred is not the cssnss _of_ hatred; it is the cssnss _of_ Paul as hateful..." ', '39', 'concrete', NULL, 0, 13),
(281, 0, 'Imagination [the 2nd formulation of emotion] is also magical', '42', '', NULL, 0, 14),
(282, 0, 'S''s  "amjor and pivotal assumption": "...the character of  of css beavior  is originated solely by cssnss itself." 51 As S says:" Nothing but cssnss can be the source of cssnss." ', '51', 'ground', NULL, 0, 15),
(283, 0, ' "The most fundamental insight which S derives from H is that any adequate theory of the nature of human experience is uniquely determined by man''s compreshnsion of the ''woirld'' in which he finds himself."', '43', 'bitw', NULL, 0, 16),
(284, 0, 'Cssnss is the desire to be. Implies negation', '54', '', NULL, 0, 17),
(285, 0, '  anguish is "a privileged emotion."   72: only angst is non-magical ', '61', 'angst', NULL, 0, 18),
(286, 0, ' "shame signifies awareness of my ''being-for-others''"', '67', 'angstu', NULL, 0, 19),
(287, 0, ' choice, freedom', '85', '', NULL, 0, 20),
(288, 0, 'S takes from H that emo is a way of bitw (129) but H doesn''t think emo = magical transfrmation of the world', '128', '', NULL, 0, 21),
(289, 0, 'Fell takes a simple case -- swatting a roach -- to show that S''s theory doesn''t hold up', '141', '', NULL, 0, 22),
(290, 0, '', '', '', NULL, 0, 1),
(291, 0, 'Why this topic? Because Sartre proposed that "the emotional response is an _act_, a ''chosen'' response which attempts to transform ''magically'' a situation which present difficulties not resolvabe by ordinary pragmatic means." [this makes emotion too clear. Explains it away. For Heid it is a hidden way the world shows itself.] ', 'vii', 'hidden', NULL, 0, 2),
(292, 0, ' "...for Sartre emtion is one  mode of that atempt to achieve self-identity which he holds to be the irreducible motionational explanation for all human behavior." ', 'viii', 'social', NULL, 0, 3),
(293, 0, ' He was wrting about emotion 13 yrs before S''s book', '3', '', NULL, 0, 4),
(294, 0, 'introduces H''s view of emotion by syaing it "something essential...is lost if emotion is studied in abstraction from concrete situations."', '3', 'concrete', NULL, 0, 5),
(295, 0, ' S''s first formulation: "Emoptional cssnss is, at first, cssnss _of_ the world."', '13', '', NULL, 0, 6),
(296, 0, 'S says: "Emotion is a certain way of apprehending the world." [this doesn''t sound radical]', '14', '', NULL, 0, 7),
(297, 0, 'Magical: We faint before gunman as a magical way to remove the threat. Counter-instrumental or pragmatic. [Emotion as a false disclosure]', '16', '', NULL, 0, 8),
(298, 0, ' "Emoion is a way of acting _on ourselfs_ when action in the pramatic world is of not avail. The ''magic'' consists in the fact that our action on ourselves..is intended as a transformation _of the world_..."', '17', '', NULL, 0, 9),
(299, 0, ' "It is significant that Sartre refers to emotino as a ''degradataion'' of cssnsss." "S''s catalog of emotions is a catalog of self-deceptions." (24) "If S is correct, _all_ emotions are negative -- in the sense that their purpose is to negate a problematic world."', '22', '', NULL, 0, 10),
(300, 0, 'Emotion [and thus deception] extend beyond the object of the emotion. "Emotion does not change me without changing the entire world."', '30', '', NULL, 0, 11),
(301, 0, 'Sartre''s second formulation, The Psychology of Imagination, "is in effect a systematic attempt to answer the question: To what extent dopes cssnss contribute to the constutitons of objects of cssnss?"', '35', '', NULL, 0, 12),
(302, 0, 'Sartre: "But the feeling of hatred is not the cssnss _of_ hatred; it is the cssnss _of_ Paul as hateful..." ', '39', 'concrete', NULL, 0, 13),
(303, 0, 'Imagination [the 2nd formulation of emotion] is also magical', '42', '', NULL, 0, 14),
(304, 0, 'S''s  "amjor and pivotal assumption": "...the character of  of css beavior  is originated solely by cssnss itself." 51 As S says:" Nothing but cssnss can be the source of cssnss." ', '51', 'ground', NULL, 0, 15),
(305, 0, ' "The most fundamental insight which S derives from H is that any adequate theory of the nature of human experience is uniquely determined by man''s compreshnsion of the ''woirld'' in which he finds himself."', '43', 'bitw', NULL, 0, 16),
(306, 0, 'Cssnss is the desire to be. Implies negation', '54', '', NULL, 0, 17),
(307, 0, '  anguish is "a privileged emotion."   72: only angst is non-magical ', '61', 'angst', NULL, 0, 18),
(308, 0, ' "shame signifies awareness of my ''being-for-others''"', '67', 'angstu', NULL, 0, 19),
(309, 0, ' choice, freedom', '85', '', NULL, 0, 20);
INSERT INTO `notes` (`noteid`, `bookid`, `content`, `page`, `tagstring`, `rating`, `indent`, `origorder`) VALUES
(310, 0, 'S takes from H that emo is a way of bitw (129) but H doesn''t think emo = magical transfrmation of the world', '128', '', NULL, 0, 21),
(311, 0, 'Fell takes a simple case -- swatting a roach -- to show that S''s theory doesn''t hold up', '141', '', NULL, 0, 22),
(312, 0, '', '', '', NULL, 0, 1),
(313, 0, 'Why this topic? Because Sartre proposed that "the emotional response is an _act_, a ''chosen'' response which attempts to transform ''magically'' a situation which present difficulties not resolvabe by ordinary pragmatic means." [this makes emotion too clear. Explains it away. For Heid it is a hidden way the world shows itself.] ', 'vii', 'hidden', NULL, 0, 2),
(314, 0, ' "...for Sartre emtion is one  mode of that atempt to achieve self-identity which he holds to be the irreducible motionational explanation for all human behavior." ', 'viii', 'social', NULL, 0, 3),
(315, 0, ' He was wrting about emotion 13 yrs before S''s book', '3', '', NULL, 0, 4),
(316, 0, 'introduces H''s view of emotion by syaing it "something essential...is lost if emotion is studied in abstraction from concrete situations."', '3', 'concrete', NULL, 0, 5),
(317, 0, ' S''s first formulation: "Emoptional cssnss is, at first, cssnss _of_ the world."', '13', '', NULL, 0, 6),
(318, 0, 'S says: "Emotion is a certain way of apprehending the world." [this doesn''t sound radical]', '14', '', NULL, 0, 7),
(319, 0, 'Magical: We faint before gunman as a magical way to remove the threat. Counter-instrumental or pragmatic. [Emotion as a false disclosure]', '16', '', NULL, 0, 8),
(320, 0, ' "Emoion is a way of acting _on ourselfs_ when action in the pramatic world is of not avail. The ''magic'' consists in the fact that our action on ourselves..is intended as a transformation _of the world_..."', '17', '', NULL, 0, 9),
(321, 0, ' "It is significant that Sartre refers to emotino as a ''degradataion'' of cssnsss." "S''s catalog of emotions is a catalog of self-deceptions." (24) "If S is correct, _all_ emotions are negative -- in the sense that their purpose is to negate a problematic world."', '22', '', NULL, 0, 10),
(322, 0, 'Emotion [and thus deception] extend beyond the object of the emotion. "Emotion does not change me without changing the entire world."', '30', '', NULL, 0, 11),
(323, 0, 'Sartre''s second formulation, The Psychology of Imagination, "is in effect a systematic attempt to answer the question: To what extent dopes cssnss contribute to the constutitons of objects of cssnss?"', '35', '', NULL, 0, 12),
(324, 0, 'Sartre: "But the feeling of hatred is not the cssnss _of_ hatred; it is the cssnss _of_ Paul as hateful..." ', '39', 'concrete', NULL, 0, 13),
(325, 0, 'Imagination [the 2nd formulation of emotion] is also magical', '42', '', NULL, 0, 14),
(326, 0, 'S''s  "amjor and pivotal assumption": "...the character of  of css beavior  is originated solely by cssnss itself." 51 As S says:" Nothing but cssnss can be the source of cssnss." ', '51', 'ground', NULL, 0, 15),
(327, 0, ' "The most fundamental insight which S derives from H is that any adequate theory of the nature of human experience is uniquely determined by man''s compreshnsion of the ''woirld'' in which he finds himself."', '43', 'bitw', NULL, 0, 16),
(328, 0, 'Cssnss is the desire to be. Implies negation', '54', '', NULL, 0, 17),
(329, 0, '  anguish is "a privileged emotion."   72: only angst is non-magical ', '61', 'angst', NULL, 0, 18),
(330, 0, ' "shame signifies awareness of my ''being-for-others''"', '67', 'angstu', NULL, 0, 19),
(331, 0, ' choice, freedom', '85', '', NULL, 0, 20),
(332, 0, 'S takes from H that emo is a way of bitw (129) but H doesn''t think emo = magical transfrmation of the world', '128', '', NULL, 0, 21),
(333, 0, 'Fell takes a simple case -- swatting a roach -- to show that S''s theory doesn''t hold up', '141', '', NULL, 0, 22),
(334, 0, '', '', '', NULL, 0, 1),
(335, 0, 'Why this topic? Because Sartre proposed that "the emotional response is an _act_, a ''chosen'' response which attempts to transform ''magically'' a situation which present difficulties not resolvabe by ordinary pragmatic means." [this makes emotion too clear. Explains it away. For Heid it is a hidden way the world shows itself.] ', 'vii', 'hidden', NULL, 0, 2),
(336, 0, ' "...for Sartre emtion is one  mode of that atempt to achieve self-identity which he holds to be the irreducible motionational explanation for all human behavior." ', 'viii', 'social', NULL, 0, 3),
(337, 0, ' He was wrting about emotion 13 yrs before S''s book', '3', '', NULL, 0, 4),
(338, 0, 'introduces H''s view of emotion by syaing it "something essential...is lost if emotion is studied in abstraction from concrete situations."', '3', 'concrete', NULL, 0, 5),
(339, 0, ' S''s first formulation: "Emoptional cssnss is, at first, cssnss _of_ the world."', '13', '', NULL, 0, 6),
(340, 0, 'S says: "Emotion is a certain way of apprehending the world." [this doesn''t sound radical]', '14', '', NULL, 0, 7),
(341, 0, 'Magical: We faint before gunman as a magical way to remove the threat. Counter-instrumental or pragmatic. [Emotion as a false disclosure]', '16', '', NULL, 0, 8),
(342, 0, ' "Emoion is a way of acting _on ourselfs_ when action in the pramatic world is of not avail. The ''magic'' consists in the fact that our action on ourselves..is intended as a transformation _of the world_..."', '17', '', NULL, 0, 9),
(343, 0, ' "It is significant that Sartre refers to emotino as a ''degradataion'' of cssnsss." "S''s catalog of emotions is a catalog of self-deceptions." (24) "If S is correct, _all_ emotions are negative -- in the sense that their purpose is to negate a problematic world."', '22', '', NULL, 0, 10),
(344, 0, 'Emotion [and thus deception] extend beyond the object of the emotion. "Emotion does not change me without changing the entire world."', '30', '', NULL, 0, 11),
(345, 0, 'Sartre''s second formulation, The Psychology of Imagination, "is in effect a systematic attempt to answer the question: To what extent dopes cssnss contribute to the constutitons of objects of cssnss?"', '35', '', NULL, 0, 12),
(346, 0, 'Sartre: "But the feeling of hatred is not the cssnss _of_ hatred; it is the cssnss _of_ Paul as hateful..." ', '39', 'concrete', NULL, 0, 13),
(347, 0, 'Imagination [the 2nd formulation of emotion] is also magical', '42', '', NULL, 0, 14),
(348, 0, 'S''s  "amjor and pivotal assumption": "...the character of  of css beavior  is originated solely by cssnss itself." 51 As S says:" Nothing but cssnss can be the source of cssnss." ', '51', 'ground', NULL, 0, 15),
(349, 0, ' "The most fundamental insight which S derives from H is that any adequate theory of the nature of human experience is uniquely determined by man''s compreshnsion of the ''woirld'' in which he finds himself."', '43', 'bitw', NULL, 0, 16),
(350, 0, 'Cssnss is the desire to be. Implies negation', '54', '', NULL, 0, 17),
(351, 0, '  anguish is "a privileged emotion."   72: only angst is non-magical ', '61', 'angst', NULL, 0, 18),
(352, 0, ' "shame signifies awareness of my ''being-for-others''"', '67', 'angstu', NULL, 0, 19),
(353, 0, ' choice, freedom', '85', '', NULL, 0, 20),
(354, 0, 'S takes from H that emo is a way of bitw (129) but H doesn''t think emo = magical transfrmation of the world', '128', '', NULL, 0, 21),
(355, 0, 'Fell takes a simple case -- swatting a roach -- to show that S''s theory doesn''t hold up', '141', '', NULL, 0, 22),
(356, 0, '', '', '', NULL, 0, 1),
(357, 0, 'Why this topic? Because Sartre proposed that "the emotional response is an _act_, a ''chosen'' response which attempts to transform ''magically'' a situation which present difficulties not resolvabe by ordinary pragmatic means." [this makes emotion too clear. Explains it away. For Heid it is a hidden way the world shows itself.] ', 'vii', 'hidden', NULL, 0, 2),
(358, 0, ' "...for Sartre emtion is one  mode of that atempt to achieve self-identity which he holds to be the irreducible motionational explanation for all human behavior." ', 'viii', 'social', NULL, 0, 3),
(359, 0, ' He was wrting about emotion 13 yrs before S''s book', '3', '', NULL, 0, 4),
(360, 0, 'introduces H''s view of emotion by syaing it "something essential...is lost if emotion is studied in abstraction from concrete situations."', '3', 'concrete', NULL, 0, 5),
(361, 0, ' S''s first formulation: "Emoptional cssnss is, at first, cssnss _of_ the world."', '13', '', NULL, 0, 6),
(362, 0, 'S says: "Emotion is a certain way of apprehending the world." [this doesn''t sound radical]', '14', '', NULL, 0, 7),
(363, 0, 'Magical: We faint before gunman as a magical way to remove the threat. Counter-instrumental or pragmatic. [Emotion as a false disclosure]', '16', '', NULL, 0, 8),
(364, 0, ' "Emoion is a way of acting _on ourselfs_ when action in the pramatic world is of not avail. The ''magic'' consists in the fact that our action on ourselves..is intended as a transformation _of the world_..."', '17', '', NULL, 0, 9),
(365, 0, ' "It is significant that Sartre refers to emotino as a ''degradataion'' of cssnsss." "S''s catalog of emotions is a catalog of self-deceptions." (24) "If S is correct, _all_ emotions are negative -- in the sense that their purpose is to negate a problematic world."', '22', '', NULL, 0, 10),
(366, 0, 'Emotion [and thus deception] extend beyond the object of the emotion. "Emotion does not change me without changing the entire world."', '30', '', NULL, 0, 11),
(367, 0, 'Sartre''s second formulation, The Psychology of Imagination, "is in effect a systematic attempt to answer the question: To what extent dopes cssnss contribute to the constutitons of objects of cssnss?"', '35', '', NULL, 0, 12),
(368, 0, 'Sartre: "But the feeling of hatred is not the cssnss _of_ hatred; it is the cssnss _of_ Paul as hateful..." ', '39', 'concrete', NULL, 0, 13),
(369, 0, 'Imagination [the 2nd formulation of emotion] is also magical', '42', '', NULL, 0, 14),
(370, 0, 'S''s  "amjor and pivotal assumption": "...the character of  of css beavior  is originated solely by cssnss itself." 51 As S says:" Nothing but cssnss can be the source of cssnss." ', '51', 'ground', NULL, 0, 15),
(371, 0, ' "The most fundamental insight which S derives from H is that any adequate theory of the nature of human experience is uniquely determined by man''s compreshnsion of the ''woirld'' in which he finds himself."', '43', 'bitw', NULL, 0, 16),
(372, 0, 'Cssnss is the desire to be. Implies negation', '54', '', NULL, 0, 17),
(373, 0, '  anguish is "a privileged emotion."   72: only angst is non-magical ', '61', 'angst', NULL, 0, 18),
(374, 0, ' "shame signifies awareness of my ''being-for-others''"', '67', 'angstu', NULL, 0, 19),
(375, 0, ' choice, freedom', '85', '', NULL, 0, 20),
(376, 0, 'S takes from H that emo is a way of bitw (129) but H doesn''t think emo = magical transfrmation of the world', '128', '', NULL, 0, 21),
(377, 0, 'Fell takes a simple case -- swatting a roach -- to show that S''s theory doesn''t hold up', '141', '', NULL, 0, 22),
(378, 0, '', '', '', NULL, 0, 1),
(379, 0, 'Why this topic? Because Sartre proposed that "the emotional response is an _act_, a ''chosen'' response which attempts to transform ''magically'' a situation which present difficulties not resolvabe by ordinary pragmatic means." [this makes emotion too clear. Explains it away. For Heid it is a hidden way the world shows itself.] ', 'vii', 'hidden', NULL, 0, 2),
(380, 0, ' "...for Sartre emtion is one  mode of that atempt to achieve self-identity which he holds to be the irreducible motionational explanation for all human behavior." ', 'viii', 'social', NULL, 0, 3),
(381, 0, ' He was wrting about emotion 13 yrs before S''s book', '3', '', NULL, 0, 4),
(382, 0, 'introduces H''s view of emotion by syaing it "something essential...is lost if emotion is studied in abstraction from concrete situations."', '3', 'concrete', NULL, 0, 5),
(383, 0, ' S''s first formulation: "Emoptional cssnss is, at first, cssnss _of_ the world."', '13', '', NULL, 0, 6),
(384, 0, 'S says: "Emotion is a certain way of apprehending the world." [this doesn''t sound radical]', '14', '', NULL, 0, 7),
(385, 0, 'Magical: We faint before gunman as a magical way to remove the threat. Counter-instrumental or pragmatic. [Emotion as a false disclosure]', '16', '', NULL, 0, 8),
(386, 0, ' "Emoion is a way of acting _on ourselfs_ when action in the pramatic world is of not avail. The ''magic'' consists in the fact that our action on ourselves..is intended as a transformation _of the world_..."', '17', '', NULL, 0, 9),
(387, 0, ' "It is significant that Sartre refers to emotino as a ''degradataion'' of cssnsss." "S''s catalog of emotions is a catalog of self-deceptions." (24) "If S is correct, _all_ emotions are negative -- in the sense that their purpose is to negate a problematic world."', '22', '', NULL, 0, 10),
(388, 0, 'Emotion [and thus deception] extend beyond the object of the emotion. "Emotion does not change me without changing the entire world."', '30', '', NULL, 0, 11),
(389, 0, 'Sartre''s second formulation, The Psychology of Imagination, "is in effect a systematic attempt to answer the question: To what extent dopes cssnss contribute to the constutitons of objects of cssnss?"', '35', '', NULL, 0, 12),
(390, 0, 'Sartre: "But the feeling of hatred is not the cssnss _of_ hatred; it is the cssnss _of_ Paul as hateful..." ', '39', 'concrete', NULL, 0, 13),
(391, 0, 'Imagination [the 2nd formulation of emotion] is also magical', '42', '', NULL, 0, 14),
(392, 0, 'S''s  "amjor and pivotal assumption": "...the character of  of css beavior  is originated solely by cssnss itself." 51 As S says:" Nothing but cssnss can be the source of cssnss." ', '51', 'ground', NULL, 0, 15),
(393, 0, ' "The most fundamental insight which S derives from H is that any adequate theory of the nature of human experience is uniquely determined by man''s compreshnsion of the ''woirld'' in which he finds himself."', '43', 'bitw', NULL, 0, 16),
(394, 0, 'Cssnss is the desire to be. Implies negation', '54', '', NULL, 0, 17),
(395, 0, '  anguish is "a privileged emotion."   72: only angst is non-magical ', '61', 'angst', NULL, 0, 18),
(396, 0, ' "shame signifies awareness of my ''being-for-others''"', '67', 'angstu', NULL, 0, 19),
(397, 0, ' choice, freedom', '85', '', NULL, 0, 20),
(398, 0, 'S takes from H that emo is a way of bitw (129) but H doesn''t think emo = magical transfrmation of the world', '128', '', NULL, 0, 21),
(399, 0, 'Fell takes a simple case -- swatting a roach -- to show that S''s theory doesn''t hold up', '141', '', NULL, 0, 22),
(400, 0, '', '', '', NULL, 0, 1),
(401, 0, 'Why this topic? Because Sartre proposed that "the emotional response is an _act_, a ''chosen'' response which attempts to transform ''magically'' a situation which present difficulties not resolvabe by ordinary pragmatic means." [this makes emotion too clear. Explains it away. For Heid it is a hidden way the world shows itself.] ', 'vii', 'hidden', NULL, 0, 2),
(402, 0, ' "...for Sartre emtion is one  mode of that atempt to achieve self-identity which he holds to be the irreducible motionational explanation for all human behavior." ', 'viii', 'social', NULL, 0, 3),
(403, 0, ' He was wrting about emotion 13 yrs before S''s book', '3', '', NULL, 0, 4),
(404, 0, 'introduces H''s view of emotion by syaing it "something essential...is lost if emotion is studied in abstraction from concrete situations."', '3', 'concrete', NULL, 0, 5),
(405, 0, ' S''s first formulation: "Emoptional cssnss is, at first, cssnss _of_ the world."', '13', '', NULL, 0, 6),
(406, 0, 'S says: "Emotion is a certain way of apprehending the world." [this doesn''t sound radical]', '14', '', NULL, 0, 7),
(407, 0, 'Magical: We faint before gunman as a magical way to remove the threat. Counter-instrumental or pragmatic. [Emotion as a false disclosure]', '16', '', NULL, 0, 8),
(408, 0, ' "Emoion is a way of acting _on ourselfs_ when action in the pramatic world is of not avail. The ''magic'' consists in the fact that our action on ourselves..is intended as a transformation _of the world_..."', '17', '', NULL, 0, 9),
(409, 0, ' "It is significant that Sartre refers to emotino as a ''degradataion'' of cssnsss." "S''s catalog of emotions is a catalog of self-deceptions." (24) "If S is correct, _all_ emotions are negative -- in the sense that their purpose is to negate a problematic world."', '22', '', NULL, 0, 10),
(410, 0, 'Emotion [and thus deception] extend beyond the object of the emotion. "Emotion does not change me without changing the entire world."', '30', '', NULL, 0, 11),
(411, 0, 'Sartre''s second formulation, The Psychology of Imagination, "is in effect a systematic attempt to answer the question: To what extent dopes cssnss contribute to the constutitons of objects of cssnss?"', '35', '', NULL, 0, 12),
(412, 0, 'Sartre: "But the feeling of hatred is not the cssnss _of_ hatred; it is the cssnss _of_ Paul as hateful..." ', '39', 'concrete', NULL, 0, 13),
(413, 0, 'Imagination [the 2nd formulation of emotion] is also magical', '42', '', NULL, 0, 14),
(414, 0, 'S''s  "amjor and pivotal assumption": "...the character of  of css beavior  is originated solely by cssnss itself." 51 As S says:" Nothing but cssnss can be the source of cssnss." ', '51', 'ground', NULL, 0, 15),
(415, 0, ' "The most fundamental insight which S derives from H is that any adequate theory of the nature of human experience is uniquely determined by man''s compreshnsion of the ''woirld'' in which he finds himself."', '43', 'bitw', NULL, 0, 16),
(416, 0, 'Cssnss is the desire to be. Implies negation', '54', '', NULL, 0, 17),
(417, 0, '  anguish is "a privileged emotion."   72: only angst is non-magical ', '61', 'angst', NULL, 0, 18),
(418, 0, ' "shame signifies awareness of my ''being-for-others''"', '67', 'angstu', NULL, 0, 19),
(419, 0, ' choice, freedom', '85', '', NULL, 0, 20),
(420, 0, 'S takes from H that emo is a way of bitw (129) but H doesn''t think emo = magical transfrmation of the world', '128', '', NULL, 0, 21),
(421, 0, 'Fell takes a simple case -- swatting a roach -- to show that S''s theory doesn''t hold up', '141', '', NULL, 0, 22),
(422, 0, '', '', '', NULL, 0, 1),
(423, 0, 'Why this topic? Because Sartre proposed that "the emotional response is an _act_, a ''chosen'' response which attempts to transform ''magically'' a situation which present difficulties not resolvabe by ordinary pragmatic means." [this makes emotion too clear. Explains it away. For Heid it is a hidden way the world shows itself.] ', 'vii', 'hidden', NULL, 0, 2),
(424, 0, ' "...for Sartre emtion is one  mode of that atempt to achieve self-identity which he holds to be the irreducible motionational explanation for all human behavior." ', 'viii', 'social', NULL, 0, 3),
(425, 0, ' He was wrting about emotion 13 yrs before S''s book', '3', '', NULL, 0, 4),
(426, 0, 'introduces H''s view of emotion by syaing it "something essential...is lost if emotion is studied in abstraction from concrete situations."', '3', 'concrete', NULL, 0, 5),
(427, 0, ' S''s first formulation: "Emoptional cssnss is, at first, cssnss _of_ the world."', '13', '', NULL, 0, 6),
(428, 0, 'S says: "Emotion is a certain way of apprehending the world." [this doesn''t sound radical]', '14', '', NULL, 0, 7),
(429, 0, 'Magical: We faint before gunman as a magical way to remove the threat. Counter-instrumental or pragmatic. [Emotion as a false disclosure]', '16', '', NULL, 0, 8),
(430, 0, ' "Emoion is a way of acting _on ourselfs_ when action in the pramatic world is of not avail. The ''magic'' consists in the fact that our action on ourselves..is intended as a transformation _of the world_..."', '17', '', NULL, 0, 9),
(431, 0, ' "It is significant that Sartre refers to emotino as a ''degradataion'' of cssnsss." "S''s catalog of emotions is a catalog of self-deceptions." (24) "If S is correct, _all_ emotions are negative -- in the sense that their purpose is to negate a problematic world."', '22', '', NULL, 0, 10),
(432, 0, 'Emotion [and thus deception] extend beyond the object of the emotion. "Emotion does not change me without changing the entire world."', '30', '', NULL, 0, 11),
(433, 0, 'Sartre''s second formulation, The Psychology of Imagination, "is in effect a systematic attempt to answer the question: To what extent dopes cssnss contribute to the constutitons of objects of cssnss?"', '35', '', NULL, 0, 12),
(434, 0, 'Sartre: "But the feeling of hatred is not the cssnss _of_ hatred; it is the cssnss _of_ Paul as hateful..." ', '39', 'concrete', NULL, 0, 13),
(435, 0, 'Imagination [the 2nd formulation of emotion] is also magical', '42', '', NULL, 0, 14),
(436, 0, 'S''s  "amjor and pivotal assumption": "...the character of  of css beavior  is originated solely by cssnss itself." 51 As S says:" Nothing but cssnss can be the source of cssnss." ', '51', 'ground', NULL, 0, 15),
(437, 0, ' "The most fundamental insight which S derives from H is that any adequate theory of the nature of human experience is uniquely determined by man''s compreshnsion of the ''woirld'' in which he finds himself."', '43', 'bitw', NULL, 0, 16),
(438, 0, 'Cssnss is the desire to be. Implies negation', '54', '', NULL, 0, 17),
(439, 0, '  anguish is "a privileged emotion."   72: only angst is non-magical ', '61', 'angst', NULL, 0, 18),
(440, 0, ' "shame signifies awareness of my ''being-for-others''"', '67', 'angstu', NULL, 0, 19),
(441, 0, ' choice, freedom', '85', '', NULL, 0, 20),
(442, 0, 'S takes from H that emo is a way of bitw (129) but H doesn''t think emo = magical transfrmation of the world', '128', '', NULL, 0, 21),
(443, 0, 'Fell takes a simple case -- swatting a roach -- to show that S''s theory doesn''t hold up', '141', '', NULL, 0, 22),
(444, 0, '', '', '', NULL, 0, 1),
(445, 0, 'Why this topic? Because Sartre proposed that "the emotional response is an _act_, a ''chosen'' response which attempts to transform ''magically'' a situation which present difficulties not resolvabe by ordinary pragmatic means." [this makes emotion too clear. Explains it away. For Heid it is a hidden way the world shows itself.] ', 'vii', 'hidden', NULL, 0, 2),
(446, 0, ' "...for Sartre emtion is one  mode of that atempt to achieve self-identity which he holds to be the irreducible motionational explanation for all human behavior." ', 'viii', 'social', NULL, 0, 3),
(447, 0, ' He was wrting about emotion 13 yrs before S''s book', '3', '', NULL, 0, 4),
(448, 0, 'introduces H''s view of emotion by syaing it "something essential...is lost if emotion is studied in abstraction from concrete situations."', '3', 'concrete', NULL, 0, 5),
(449, 0, ' S''s first formulation: "Emoptional cssnss is, at first, cssnss _of_ the world."', '13', '', NULL, 0, 6),
(450, 0, 'S says: "Emotion is a certain way of apprehending the world." [this doesn''t sound radical]', '14', '', NULL, 0, 7),
(451, 0, 'Magical: We faint before gunman as a magical way to remove the threat. Counter-instrumental or pragmatic. [Emotion as a false disclosure]', '16', '', NULL, 0, 8),
(452, 0, ' "Emoion is a way of acting _on ourselfs_ when action in the pramatic world is of not avail. The ''magic'' consists in the fact that our action on ourselves..is intended as a transformation _of the world_..."', '17', '', NULL, 0, 9),
(453, 0, ' "It is significant that Sartre refers to emotino as a ''degradataion'' of cssnsss." "S''s catalog of emotions is a catalog of self-deceptions." (24) "If S is correct, _all_ emotions are negative -- in the sense that their purpose is to negate a problematic world."', '22', '', NULL, 0, 10),
(454, 0, 'Emotion [and thus deception] extend beyond the object of the emotion. "Emotion does not change me without changing the entire world."', '30', '', NULL, 0, 11),
(455, 0, 'Sartre''s second formulation, The Psychology of Imagination, "is in effect a systematic attempt to answer the question: To what extent dopes cssnss contribute to the constutitons of objects of cssnss?"', '35', '', NULL, 0, 12),
(456, 0, 'Sartre: "But the feeling of hatred is not the cssnss _of_ hatred; it is the cssnss _of_ Paul as hateful..." ', '39', 'concrete', NULL, 0, 13),
(457, 0, 'Imagination [the 2nd formulation of emotion] is also magical', '42', '', NULL, 0, 14),
(458, 0, 'S''s  "amjor and pivotal assumption": "...the character of  of css beavior  is originated solely by cssnss itself." 51 As S says:" Nothing but cssnss can be the source of cssnss." ', '51', 'ground', NULL, 0, 15),
(459, 0, ' "The most fundamental insight which S derives from H is that any adequate theory of the nature of human experience is uniquely determined by man''s compreshnsion of the ''woirld'' in which he finds himself."', '43', 'bitw', NULL, 0, 16),
(460, 0, 'Cssnss is the desire to be. Implies negation', '54', '', NULL, 0, 17),
(461, 0, '  anguish is "a privileged emotion."   72: only angst is non-magical ', '61', 'angst', NULL, 0, 18),
(462, 0, ' "shame signifies awareness of my ''being-for-others''"', '67', 'angstu', NULL, 0, 19),
(463, 0, ' choice, freedom', '85', '', NULL, 0, 20),
(464, 0, 'S takes from H that emo is a way of bitw (129) but H doesn''t think emo = magical transfrmation of the world', '128', '', NULL, 0, 21),
(465, 0, 'Fell takes a simple case -- swatting a roach -- to show that S''s theory doesn''t hold up', '141', '', NULL, 0, 22),
(466, 8, '', '', '', NULL, 0, 1),
(467, 8, 'Why this topic? Because Sartre proposed that "the emotional response is an _act_, a ''chosen'' response which attempts to transform ''magically'' a situation which present difficulties not resolvabe by ordinary pragmatic means." [this makes emotion too clear. Explains it away. For Heid it is a hidden way the world shows itself.] ', 'vii', 'hidden', NULL, 0, 2),
(468, 8, ' "...for Sartre emtion is one  mode of that atempt to achieve self-identity which he holds to be the irreducible motionational explanation for all human behavior." ', 'viii', 'social', NULL, 0, 3),
(469, 8, ' He was wrting about emotion 13 yrs before S''s book', '3', '', NULL, 0, 4),
(470, 8, 'introduces H''s view of emotion by syaing it "something essential...is lost if emotion is studied in abstraction from concrete situations."', '3', 'concrete', NULL, 0, 5),
(471, 8, ' S''s first formulation: "Emoptional cssnss is, at first, cssnss _of_ the world."', '13', '', NULL, 0, 6),
(472, 8, 'S says: "Emotion is a certain way of apprehending the world." [this doesn''t sound radical]', '14', '', NULL, 0, 7),
(473, 8, 'Magical: We faint before gunman as a magical way to remove the threat. Counter-instrumental or pragmatic. [Emotion as a false disclosure]', '16', '', NULL, 0, 8),
(474, 8, ' "Emoion is a way of acting _on ourselfs_ when action in the pramatic world is of not avail. The ''magic'' consists in the fact that our action on ourselves..is intended as a transformation _of the world_..."', '17', '', NULL, 0, 9),
(475, 8, ' "It is significant that Sartre refers to emotino as a ''degradataion'' of cssnsss." "S''s catalog of emotions is a catalog of self-deceptions." (24) "If S is correct, _all_ emotions are negative -- in the sense that their purpose is to negate a problematic world."', '22', '', NULL, 0, 10),
(476, 8, 'Emotion [and thus deception] extend beyond the object of the emotion. "Emotion does not change me without changing the entire world."', '30', '', NULL, 0, 11),
(477, 8, 'Sartre''s second formulation, The Psychology of Imagination, "is in effect a systematic attempt to answer the question: To what extent dopes cssnss contribute to the constutitons of objects of cssnss?"', '35', '', NULL, 0, 12),
(478, 8, 'Sartre: "But the feeling of hatred is not the cssnss _of_ hatred; it is the cssnss _of_ Paul as hateful..." ', '39', 'concrete', NULL, 0, 13),
(479, 8, 'Imagination [the 2nd formulation of emotion] is also magical', '42', '', NULL, 0, 14),
(480, 8, 'S''s  "amjor and pivotal assumption": "...the character of  of css beavior  is originated solely by cssnss itself." 51 As S says:" Nothing but cssnss can be the source of cssnss." ', '51', 'ground', NULL, 0, 15),
(481, 8, ' "The most fundamental insight which S derives from H is that any adequate theory of the nature of human experience is uniquely determined by man''s compreshnsion of the ''woirld'' in which he finds himself."', '43', 'bitw', NULL, 0, 16),
(482, 8, 'Cssnss is the desire to be. Implies negation', '54', '', NULL, 0, 17),
(483, 8, '  anguish is "a privileged emotion."   72: only angst is non-magical ', '61', 'angst', NULL, 0, 18),
(484, 8, ' "shame signifies awareness of my ''being-for-others''"', '67', 'angstu', NULL, 0, 19),
(485, 8, ' choice, freedom', '85', '', NULL, 0, 20),
(486, 8, 'S takes from H that emo is a way of bitw (129) but H doesn''t think emo = magical transfrmation of the world', '128', '', NULL, 0, 21),
(487, 8, 'Fell takes a simple case -- swatting a roach -- to show that S''s theory doesn''t hold up', '141', '', NULL, 0, 22),
(488, 8, '', '', '', NULL, 0, 1),
(489, 8, 'Why this topic? Because Sartre proposed that "the emotional response is an _act_, a ''chosen'' response which attempts to transform ''magically'' a situation which present difficulties not resolvabe by ordinary pragmatic means." [this makes emotion too clear. Explains it away. For Heid it is a hidden way the world shows itself.] ', 'vii', 'hidden', NULL, 0, 2),
(490, 8, ' "...for Sartre emtion is one  mode of that atempt to achieve self-identity which he holds to be the irreducible motionational explanation for all human behavior." ', 'viii', 'social', NULL, 0, 3),
(491, 8, ' He was wrting about emotion 13 yrs before S''s book', '3', '', NULL, 0, 4),
(492, 8, 'introduces H''s view of emotion by syaing it "something essential...is lost if emotion is studied in abstraction from concrete situations."', '3', 'concrete', NULL, 0, 5),
(493, 8, ' S''s first formulation: "Emoptional cssnss is, at first, cssnss _of_ the world."', '13', '', NULL, 0, 6),
(494, 8, 'S says: "Emotion is a certain way of apprehending the world." [this doesn''t sound radical]', '14', '', NULL, 0, 7),
(495, 8, 'Magical: We faint before gunman as a magical way to remove the threat. Counter-instrumental or pragmatic. [Emotion as a false disclosure]', '16', '', NULL, 0, 8),
(496, 8, ' "Emoion is a way of acting _on ourselfs_ when action in the pramatic world is of not avail. The ''magic'' consists in the fact that our action on ourselves..is intended as a transformation _of the world_..."', '17', '', NULL, 0, 9),
(497, 8, ' "It is significant that Sartre refers to emotino as a ''degradataion'' of cssnsss." "S''s catalog of emotions is a catalog of self-deceptions." (24) "If S is correct, _all_ emotions are negative -- in the sense that their purpose is to negate a problematic world."', '22', '', NULL, 0, 10),
(498, 8, 'Emotion [and thus deception] extend beyond the object of the emotion. "Emotion does not change me without changing the entire world."', '30', '', NULL, 0, 11),
(499, 8, 'Sartre''s second formulation, The Psychology of Imagination, "is in effect a systematic attempt to answer the question: To what extent dopes cssnss contribute to the constutitons of objects of cssnss?"', '35', '', NULL, 0, 12),
(500, 8, 'Sartre: "But the feeling of hatred is not the cssnss _of_ hatred; it is the cssnss _of_ Paul as hateful..." ', '39', 'concrete', NULL, 0, 13),
(501, 8, 'Imagination [the 2nd formulation of emotion] is also magical', '42', '', NULL, 0, 14),
(502, 8, 'S''s  "amjor and pivotal assumption": "...the character of  of css beavior  is originated solely by cssnss itself." 51 As S says:" Nothing but cssnss can be the source of cssnss." ', '51', 'ground', NULL, 0, 15),
(503, 8, ' "The most fundamental insight which S derives from H is that any adequate theory of the nature of human experience is uniquely determined by man''s compreshnsion of the ''woirld'' in which he finds himself."', '43', 'bitw', NULL, 0, 16),
(504, 8, 'Cssnss is the desire to be. Implies negation', '54', '', NULL, 0, 17),
(505, 8, '  anguish is "a privileged emotion."   72: only angst is non-magical ', '61', 'angst', NULL, 0, 18),
(506, 8, ' "shame signifies awareness of my ''being-for-others''"', '67', 'angstu', NULL, 0, 19),
(507, 8, ' choice, freedom', '85', '', NULL, 0, 20),
(508, 8, 'S takes from H that emo is a way of bitw (129) but H doesn''t think emo = magical transfrmation of the world', '128', '', NULL, 0, 21),
(509, 8, 'Fell takes a simple case -- swatting a roach -- to show that S''s theory doesn''t hold up', '141', '', NULL, 0, 22),
(510, 8, '', '', '', NULL, 0, 1),
(511, 8, 'Why this topic? Because Sartre proposed that "the emotional response is an _act_, a ''chosen'' response which attempts to transform ''magically'' a situation which present difficulties not resolvabe by ordinary pragmatic means." [this makes emotion too clear. Explains it away. For Heid it is a hidden way the world shows itself.] ', 'vii', 'hidden', NULL, 0, 2),
(512, 8, ' "...for Sartre emtion is one  mode of that atempt to achieve self-identity which he holds to be the irreducible motionational explanation for all human behavior." ', 'viii', 'social', NULL, 0, 3),
(513, 8, ' He was wrting about emotion 13 yrs before S''s book', '3', '', NULL, 0, 4),
(514, 8, 'introduces H''s view of emotion by syaing it "something essential...is lost if emotion is studied in abstraction from concrete situations."', '3', 'concrete', NULL, 0, 5),
(515, 8, ' S''s first formulation: "Emoptional cssnss is, at first, cssnss _of_ the world."', '13', '', NULL, 0, 6),
(516, 8, 'S says: "Emotion is a certain way of apprehending the world." [this doesn''t sound radical]', '14', '', NULL, 0, 7),
(517, 8, 'Magical: We faint before gunman as a magical way to remove the threat. Counter-instrumental or pragmatic. [Emotion as a false disclosure]', '16', '', NULL, 0, 8),
(518, 8, ' "Emoion is a way of acting _on ourselfs_ when action in the pramatic world is of not avail. The ''magic'' consists in the fact that our action on ourselves..is intended as a transformation _of the world_..."', '17', '', NULL, 0, 9),
(519, 8, ' "It is significant that Sartre refers to emotino as a ''degradataion'' of cssnsss." "S''s catalog of emotions is a catalog of self-deceptions." (24) "If S is correct, _all_ emotions are negative -- in the sense that their purpose is to negate a problematic world."', '22', '', NULL, 0, 10),
(520, 8, 'Emotion [and thus deception] extend beyond the object of the emotion. "Emotion does not change me without changing the entire world."', '30', '', NULL, 0, 11),
(521, 8, 'Sartre''s second formulation, The Psychology of Imagination, "is in effect a systematic attempt to answer the question: To what extent dopes cssnss contribute to the constutitons of objects of cssnss?"', '35', '', NULL, 0, 12),
(522, 8, 'Sartre: "But the feeling of hatred is not the cssnss _of_ hatred; it is the cssnss _of_ Paul as hateful..." ', '39', 'concrete', NULL, 0, 13),
(523, 8, 'Imagination [the 2nd formulation of emotion] is also magical', '42', '', NULL, 0, 14),
(524, 8, 'S''s  "amjor and pivotal assumption": "...the character of  of css beavior  is originated solely by cssnss itself." 51 As S says:" Nothing but cssnss can be the source of cssnss." ', '51', 'ground', NULL, 0, 15),
(525, 8, ' "The most fundamental insight which S derives from H is that any adequate theory of the nature of human experience is uniquely determined by man''s compreshnsion of the ''woirld'' in which he finds himself."', '43', 'bitw', NULL, 0, 16),
(526, 8, 'Cssnss is the desire to be. Implies negation', '54', '', NULL, 0, 17),
(527, 8, '  anguish is "a privileged emotion."   72: only angst is non-magical ', '61', 'angst', NULL, 0, 18),
(528, 8, ' "shame signifies awareness of my ''being-for-others''"', '67', 'angstu', NULL, 0, 19),
(529, 8, ' choice, freedom', '85', '', NULL, 0, 20),
(530, 8, 'S takes from H that emo is a way of bitw (129) but H doesn''t think emo = magical transfrmation of the world', '128', '', NULL, 0, 21),
(531, 8, 'Fell takes a simple case -- swatting a roach -- to show that S''s theory doesn''t hold up', '141', '', NULL, 0, 22),
(532, 8, '', '', '', NULL, 0, 1),
(533, 8, 'Why this topic? Because Sartre proposed that "the emotional response is an _act_, a ''chosen'' response which attempts to transform ''magically'' a situation which present difficulties not resolvabe by ordinary pragmatic means." [this makes emotion too clear. Explains it away. For Heid it is a hidden way the world shows itself.] ', 'vii', 'hidden', NULL, 0, 2),
(534, 8, ' "...for Sartre emtion is one  mode of that atempt to achieve self-identity which he holds to be the irreducible motionational explanation for all human behavior." ', 'viii', 'social', NULL, 0, 3),
(535, 8, ' He was wrting about emotion 13 yrs before S''s book', '3', '', NULL, 0, 4),
(536, 8, 'introduces H''s view of emotion by syaing it "something essential...is lost if emotion is studied in abstraction from concrete situations."', '3', 'concrete', NULL, 0, 5),
(537, 8, ' S''s first formulation: "Emoptional cssnss is, at first, cssnss _of_ the world."', '13', '', NULL, 0, 6),
(538, 8, 'S says: "Emotion is a certain way of apprehending the world." [this doesn''t sound radical]', '14', '', NULL, 0, 7),
(539, 8, 'Magical: We faint before gunman as a magical way to remove the threat. Counter-instrumental or pragmatic. [Emotion as a false disclosure]', '16', '', NULL, 0, 8),
(540, 8, ' "Emoion is a way of acting _on ourselfs_ when action in the pramatic world is of not avail. The ''magic'' consists in the fact that our action on ourselves..is intended as a transformation _of the world_..."', '17', '', NULL, 0, 9),
(541, 8, ' "It is significant that Sartre refers to emotino as a ''degradataion'' of cssnsss." "S''s catalog of emotions is a catalog of self-deceptions." (24) "If S is correct, _all_ emotions are negative -- in the sense that their purpose is to negate a problematic world."', '22', '', NULL, 0, 10),
(542, 8, 'Emotion [and thus deception] extend beyond the object of the emotion. "Emotion does not change me without changing the entire world."', '30', '', NULL, 0, 11),
(543, 8, 'Sartre''s second formulation, The Psychology of Imagination, "is in effect a systematic attempt to answer the question: To what extent dopes cssnss contribute to the constutitons of objects of cssnss?"', '35', '', NULL, 0, 12),
(544, 8, 'Sartre: "But the feeling of hatred is not the cssnss _of_ hatred; it is the cssnss _of_ Paul as hateful..." ', '39', 'concrete', NULL, 0, 13),
(545, 8, 'Imagination [the 2nd formulation of emotion] is also magical', '42', '', NULL, 0, 14),
(546, 8, 'S''s  "amjor and pivotal assumption": "...the character of  of css beavior  is originated solely by cssnss itself." 51 As S says:" Nothing but cssnss can be the source of cssnss." ', '51', 'ground', NULL, 0, 15),
(547, 8, ' "The most fundamental insight which S derives from H is that any adequate theory of the nature of human experience is uniquely determined by man''s compreshnsion of the ''woirld'' in which he finds himself."', '43', 'bitw', NULL, 0, 16),
(548, 8, 'Cssnss is the desire to be. Implies negation', '54', '', NULL, 0, 17),
(549, 8, '  anguish is "a privileged emotion."   72: only angst is non-magical ', '61', 'angst', NULL, 0, 18),
(550, 8, ' "shame signifies awareness of my ''being-for-others''"', '67', 'angstu', NULL, 0, 19),
(551, 8, ' choice, freedom', '85', '', NULL, 0, 20),
(552, 8, 'S takes from H that emo is a way of bitw (129) but H doesn''t think emo = magical transfrmation of the world', '128', '', NULL, 0, 21),
(553, 8, 'Fell takes a simple case -- swatting a roach -- to show that S''s theory doesn''t hold up', '141', '', NULL, 0, 22),
(554, 8, '', '', '', NULL, 0, 1),
(555, 8, 'Why this topic? Because Sartre proposed that "the emotional response is an _act_, a ''chosen'' response which attempts to transform ''magically'' a situation which present difficulties not resolvabe by ordinary pragmatic means." [this makes emotion too clear. Explains it away. For Heid it is a hidden way the world shows itself.] ', 'vii', 'hidden', NULL, 0, 2),
(556, 8, ' "...for Sartre emtion is one  mode of that atempt to achieve self-identity which he holds to be the irreducible motionational explanation for all human behavior." ', 'viii', 'social', NULL, 0, 3),
(557, 8, ' He was wrting about emotion 13 yrs before S''s book', '3', '', NULL, 0, 4),
(558, 8, 'introduces H''s view of emotion by syaing it "something essential...is lost if emotion is studied in abstraction from concrete situations."', '3', 'concrete', NULL, 0, 5),
(559, 8, ' S''s first formulation: "Emoptional cssnss is, at first, cssnss _of_ the world."', '13', '', NULL, 0, 6),
(560, 8, 'S says: "Emotion is a certain way of apprehending the world." [this doesn''t sound radical]', '14', '', NULL, 0, 7),
(561, 8, 'Magical: We faint before gunman as a magical way to remove the threat. Counter-instrumental or pragmatic. [Emotion as a false disclosure]', '16', '', NULL, 0, 8),
(562, 8, ' "Emoion is a way of acting _on ourselfs_ when action in the pramatic world is of not avail. The ''magic'' consists in the fact that our action on ourselves..is intended as a transformation _of the world_..."', '17', '', NULL, 0, 9),
(563, 8, ' "It is significant that Sartre refers to emotino as a ''degradataion'' of cssnsss." "S''s catalog of emotions is a catalog of self-deceptions." (24) "If S is correct, _all_ emotions are negative -- in the sense that their purpose is to negate a problematic world."', '22', '', NULL, 0, 10),
(564, 8, 'Emotion [and thus deception] extend beyond the object of the emotion. "Emotion does not change me without changing the entire world."', '30', '', NULL, 0, 11),
(565, 8, 'Sartre''s second formulation, The Psychology of Imagination, "is in effect a systematic attempt to answer the question: To what extent dopes cssnss contribute to the constutitons of objects of cssnss?"', '35', '', NULL, 0, 12),
(566, 8, 'Sartre: "But the feeling of hatred is not the cssnss _of_ hatred; it is the cssnss _of_ Paul as hateful..." ', '39', 'concrete', NULL, 0, 13),
(567, 8, 'Imagination [the 2nd formulation of emotion] is also magical', '42', '', NULL, 0, 14),
(568, 8, 'S''s  "amjor and pivotal assumption": "...the character of  of css beavior  is originated solely by cssnss itself." 51 As S says:" Nothing but cssnss can be the source of cssnss." ', '51', 'ground', NULL, 0, 15),
(569, 8, ' "The most fundamental insight which S derives from H is that any adequate theory of the nature of human experience is uniquely determined by man''s compreshnsion of the ''woirld'' in which he finds himself."', '43', 'bitw', NULL, 0, 16),
(570, 8, 'Cssnss is the desire to be. Implies negation', '54', '', NULL, 0, 17),
(571, 8, '  anguish is "a privileged emotion."   72: only angst is non-magical ', '61', 'angst', NULL, 0, 18),
(572, 8, ' "shame signifies awareness of my ''being-for-others''"', '67', 'angstu', NULL, 0, 19),
(573, 8, ' choice, freedom', '85', '', NULL, 0, 20),
(574, 8, 'S takes from H that emo is a way of bitw (129) but H doesn''t think emo = magical transfrmation of the world', '128', '', NULL, 0, 21),
(575, 8, 'Fell takes a simple case -- swatting a roach -- to show that S''s theory doesn''t hold up', '141', '', NULL, 0, 22),
(576, 8, '', '', '', NULL, 0, 1),
(577, 8, 'Why this topic? Because Sartre proposed that "the emotional response is an _act_, a ''chosen'' response which attempts to transform ''magically'' a situation which present difficulties not resolvabe by ordinary pragmatic means." [this makes emotion too clear. Explains it away. For Heid it is a hidden way the world shows itself.] ', 'vii', 'hidden', NULL, 0, 2),
(578, 8, ' "...for Sartre emtion is one  mode of that atempt to achieve self-identity which he holds to be the irreducible motionational explanation for all human behavior." ', 'viii', 'social', NULL, 0, 3),
(579, 8, ' He was wrting about emotion 13 yrs before S''s book', '3', '', NULL, 0, 4),
(580, 8, 'introduces H''s view of emotion by syaing it "something essential...is lost if emotion is studied in abstraction from concrete situations."', '3', 'concrete', NULL, 0, 5),
(581, 8, ' S''s first formulation: "Emoptional cssnss is, at first, cssnss _of_ the world."', '13', '', NULL, 0, 6),
(582, 8, 'S says: "Emotion is a certain way of apprehending the world." [this doesn''t sound radical]', '14', '', NULL, 0, 7),
(583, 8, 'Magical: We faint before gunman as a magical way to remove the threat. Counter-instrumental or pragmatic. [Emotion as a false disclosure]', '16', '', NULL, 0, 8),
(584, 8, ' "Emoion is a way of acting _on ourselfs_ when action in the pramatic world is of not avail. The ''magic'' consists in the fact that our action on ourselves..is intended as a transformation _of the world_..."', '17', '', NULL, 0, 9),
(585, 8, ' "It is significant that Sartre refers to emotino as a ''degradataion'' of cssnsss." "S''s catalog of emotions is a catalog of self-deceptions." (24) "If S is correct, _all_ emotions are negative -- in the sense that their purpose is to negate a problematic world."', '22', '', NULL, 0, 10),
(586, 8, 'Emotion [and thus deception] extend beyond the object of the emotion. "Emotion does not change me without changing the entire world."', '30', '', NULL, 0, 11),
(587, 8, 'Sartre''s second formulation, The Psychology of Imagination, "is in effect a systematic attempt to answer the question: To what extent dopes cssnss contribute to the constutitons of objects of cssnss?"', '35', '', NULL, 0, 12),
(588, 8, 'Sartre: "But the feeling of hatred is not the cssnss _of_ hatred; it is the cssnss _of_ Paul as hateful..." ', '39', 'concrete', NULL, 0, 13),
(589, 8, 'Imagination [the 2nd formulation of emotion] is also magical', '42', '', NULL, 0, 14),
(590, 8, 'S''s  "amjor and pivotal assumption": "...the character of  of css beavior  is originated solely by cssnss itself." 51 As S says:" Nothing but cssnss can be the source of cssnss." ', '51', 'ground', NULL, 0, 15),
(591, 8, ' "The most fundamental insight which S derives from H is that any adequate theory of the nature of human experience is uniquely determined by man''s compreshnsion of the ''woirld'' in which he finds himself."', '43', 'bitw', NULL, 0, 16),
(592, 8, 'Cssnss is the desire to be. Implies negation', '54', '', NULL, 0, 17),
(593, 8, '  anguish is "a privileged emotion."   72: only angst is non-magical ', '61', 'angst', NULL, 0, 18),
(594, 8, ' "shame signifies awareness of my ''being-for-others''"', '67', 'angstu', NULL, 0, 19),
(595, 8, ' choice, freedom', '85', '', NULL, 0, 20),
(596, 8, 'S takes from H that emo is a way of bitw (129) but H doesn''t think emo = magical transfrmation of the world', '128', '', NULL, 0, 21),
(597, 8, 'Fell takes a simple case -- swatting a roach -- to show that S''s theory doesn''t hold up', '141', '', NULL, 0, 22),
(598, 8, '', '', '', NULL, 0, 1),
(599, 8, 'Why this topic? Because Sartre proposed that "the emotional response is an _act_, a ''chosen'' response which attempts to transform ''magically'' a situation which present difficulties not resolvabe by ordinary pragmatic means." [this makes emotion too clear. Explains it away. For Heid it is a hidden way the world shows itself.] ', 'vii', 'hidden', NULL, 0, 2),
(600, 8, ' "...for Sartre emtion is one  mode of that atempt to achieve self-identity which he holds to be the irreducible motionational explanation for all human behavior." ', 'viii', 'social', NULL, 0, 3),
(601, 8, ' He was wrting about emotion 13 yrs before S''s book', '3', '', NULL, 0, 4),
(602, 8, 'introduces H''s view of emotion by syaing it "something essential...is lost if emotion is studied in abstraction from concrete situations."', '3', 'concrete', NULL, 0, 5),
(603, 8, ' S''s first formulation: "Emoptional cssnss is, at first, cssnss _of_ the world."', '13', '', NULL, 0, 6),
(604, 8, 'S says: "Emotion is a certain way of apprehending the world." [this doesn''t sound radical]', '14', '', NULL, 0, 7),
(605, 8, 'Magical: We faint before gunman as a magical way to remove the threat. Counter-instrumental or pragmatic. [Emotion as a false disclosure]', '16', '', NULL, 0, 8),
(606, 8, ' "Emoion is a way of acting _on ourselfs_ when action in the pramatic world is of not avail. The ''magic'' consists in the fact that our action on ourselves..is intended as a transformation _of the world_..."', '17', '', NULL, 0, 9),
(607, 8, ' "It is significant that Sartre refers to emotino as a ''degradataion'' of cssnsss." "S''s catalog of emotions is a catalog of self-deceptions." (24) "If S is correct, _all_ emotions are negative -- in the sense that their purpose is to negate a problematic world."', '22', '', NULL, 0, 10),
(608, 8, 'Emotion [and thus deception] extend beyond the object of the emotion. "Emotion does not change me without changing the entire world."', '30', '', NULL, 0, 11),
(609, 8, 'Sartre''s second formulation, The Psychology of Imagination, "is in effect a systematic attempt to answer the question: To what extent dopes cssnss contribute to the constutitons of objects of cssnss?"', '35', '', NULL, 0, 12),
(610, 8, 'Sartre: "But the feeling of hatred is not the cssnss _of_ hatred; it is the cssnss _of_ Paul as hateful..." ', '39', 'concrete', NULL, 0, 13),
(611, 8, 'Imagination [the 2nd formulation of emotion] is also magical', '42', '', NULL, 0, 14),
(612, 8, 'S''s  "amjor and pivotal assumption": "...the character of  of css beavior  is originated solely by cssnss itself." 51 As S says:" Nothing but cssnss can be the source of cssnss." ', '51', 'ground', NULL, 0, 15),
(613, 8, ' "The most fundamental insight which S derives from H is that any adequate theory of the nature of human experience is uniquely determined by man''s compreshnsion of the ''woirld'' in which he finds himself."', '43', 'bitw', NULL, 0, 16),
(614, 8, 'Cssnss is the desire to be. Implies negation', '54', '', NULL, 0, 17),
(615, 8, '  anguish is "a privileged emotion."   72: only angst is non-magical ', '61', 'angst', NULL, 0, 18),
(616, 8, ' "shame signifies awareness of my ''being-for-others''"', '67', 'angstu', NULL, 0, 19),
(617, 8, ' choice, freedom', '85', '', NULL, 0, 20),
(618, 8, 'S takes from H that emo is a way of bitw (129) but H doesn''t think emo = magical transfrmation of the world', '128', '', NULL, 0, 21);
INSERT INTO `notes` (`noteid`, `bookid`, `content`, `page`, `tagstring`, `rating`, `indent`, `origorder`) VALUES
(619, 8, 'Fell takes a simple case -- swatting a roach -- to show that S''s theory doesn''t hold up', '141', '', NULL, 0, 22),
(620, 8, '', '', '', NULL, 0, 1),
(621, 8, 'Why this topic? Because Sartre proposed that "the emotional response is an _act_, a ''chosen'' response which attempts to transform ''magically'' a situation which present difficulties not resolvabe by ordinary pragmatic means." [this makes emotion too clear. Explains it away. For Heid it is a hidden way the world shows itself.] ', 'vii', 'hidden', NULL, 0, 2),
(622, 8, ' "...for Sartre emtion is one  mode of that atempt to achieve self-identity which he holds to be the irreducible motionational explanation for all human behavior." ', 'viii', 'social', NULL, 0, 3),
(623, 8, ' He was wrting about emotion 13 yrs before S''s book', '3', '', NULL, 0, 4),
(624, 8, 'introduces H''s view of emotion by syaing it "something essential...is lost if emotion is studied in abstraction from concrete situations."', '3', 'concrete', NULL, 0, 5),
(625, 8, ' S''s first formulation: "Emoptional cssnss is, at first, cssnss _of_ the world."', '13', '', NULL, 0, 6),
(626, 8, 'S says: "Emotion is a certain way of apprehending the world." [this doesn''t sound radical]', '14', '', NULL, 0, 7),
(627, 8, 'Magical: We faint before gunman as a magical way to remove the threat. Counter-instrumental or pragmatic. [Emotion as a false disclosure]', '16', '', NULL, 0, 8),
(628, 8, ' "Emoion is a way of acting _on ourselfs_ when action in the pramatic world is of not avail. The ''magic'' consists in the fact that our action on ourselves..is intended as a transformation _of the world_..."', '17', '', NULL, 0, 9),
(629, 8, ' "It is significant that Sartre refers to emotino as a ''degradataion'' of cssnsss." "S''s catalog of emotions is a catalog of self-deceptions." (24) "If S is correct, _all_ emotions are negative -- in the sense that their purpose is to negate a problematic world."', '22', '', NULL, 0, 10),
(630, 8, 'Emotion [and thus deception] extend beyond the object of the emotion. "Emotion does not change me without changing the entire world."', '30', '', NULL, 0, 11),
(631, 8, 'Sartre''s second formulation, The Psychology of Imagination, "is in effect a systematic attempt to answer the question: To what extent dopes cssnss contribute to the constutitons of objects of cssnss?"', '35', '', NULL, 0, 12),
(632, 8, 'Sartre: "But the feeling of hatred is not the cssnss _of_ hatred; it is the cssnss _of_ Paul as hateful..." ', '39', 'concrete', NULL, 0, 13),
(633, 8, 'Imagination [the 2nd formulation of emotion] is also magical', '42', '', NULL, 0, 14),
(634, 8, 'S''s  "amjor and pivotal assumption": "...the character of  of css beavior  is originated solely by cssnss itself." 51 As S says:" Nothing but cssnss can be the source of cssnss." ', '51', 'ground', NULL, 0, 15),
(635, 8, ' "The most fundamental insight which S derives from H is that any adequate theory of the nature of human experience is uniquely determined by man''s compreshnsion of the ''woirld'' in which he finds himself."', '43', 'bitw', NULL, 0, 16),
(636, 8, 'Cssnss is the desire to be. Implies negation', '54', '', NULL, 0, 17),
(637, 8, '  anguish is "a privileged emotion."   72: only angst is non-magical ', '61', 'angst', NULL, 0, 18),
(638, 8, ' "shame signifies awareness of my ''being-for-others''"', '67', 'angstu', NULL, 0, 19),
(639, 8, ' choice, freedom', '85', '', NULL, 0, 20),
(640, 8, 'S takes from H that emo is a way of bitw (129) but H doesn''t think emo = magical transfrmation of the world', '128', '', NULL, 0, 21),
(641, 8, 'Fell takes a simple case -- swatting a roach -- to show that S''s theory doesn''t hold up', '141', '', NULL, 0, 22),
(642, 8, '', '', '', NULL, 0, 1),
(643, 8, 'Why this topic? Because Sartre proposed that "the emotional response is an _act_, a ''chosen'' response which attempts to transform ''magically'' a situation which present difficulties not resolvabe by ordinary pragmatic means." [this makes emotion too clear. Explains it away. For Heid it is a hidden way the world shows itself.] ', 'vii', 'hidden', NULL, 0, 2),
(644, 8, ' "...for Sartre emtion is one  mode of that atempt to achieve self-identity which he holds to be the irreducible motionational explanation for all human behavior." ', 'viii', 'social', NULL, 0, 3),
(645, 8, ' He was wrting about emotion 13 yrs before S''s book', '3', '', NULL, 0, 4),
(646, 8, 'introduces H''s view of emotion by syaing it "something essential...is lost if emotion is studied in abstraction from concrete situations."', '3', 'concrete', NULL, 0, 5),
(647, 8, ' S''s first formulation: "Emoptional cssnss is, at first, cssnss _of_ the world."', '13', '', NULL, 0, 6),
(648, 8, 'S says: "Emotion is a certain way of apprehending the world." [this doesn''t sound radical]', '14', '', NULL, 0, 7),
(649, 8, 'Magical: We faint before gunman as a magical way to remove the threat. Counter-instrumental or pragmatic. [Emotion as a false disclosure]', '16', '', NULL, 0, 8),
(650, 8, ' "Emoion is a way of acting _on ourselfs_ when action in the pramatic world is of not avail. The ''magic'' consists in the fact that our action on ourselves..is intended as a transformation _of the world_..."', '17', '', NULL, 0, 9),
(651, 8, ' "It is significant that Sartre refers to emotino as a ''degradataion'' of cssnsss." "S''s catalog of emotions is a catalog of self-deceptions." (24) "If S is correct, _all_ emotions are negative -- in the sense that their purpose is to negate a problematic world."', '22', '', NULL, 0, 10),
(652, 8, 'Emotion [and thus deception] extend beyond the object of the emotion. "Emotion does not change me without changing the entire world."', '30', '', NULL, 0, 11),
(653, 8, 'Sartre''s second formulation, The Psychology of Imagination, "is in effect a systematic attempt to answer the question: To what extent dopes cssnss contribute to the constutitons of objects of cssnss?"', '35', '', NULL, 0, 12),
(654, 8, 'Sartre: "But the feeling of hatred is not the cssnss _of_ hatred; it is the cssnss _of_ Paul as hateful..." ', '39', 'concrete', NULL, 0, 13),
(655, 8, 'Imagination [the 2nd formulation of emotion] is also magical', '42', '', NULL, 0, 14),
(656, 8, 'S''s  "amjor and pivotal assumption": "...the character of  of css beavior  is originated solely by cssnss itself." 51 As S says:" Nothing but cssnss can be the source of cssnss." ', '51', 'ground', NULL, 0, 15),
(657, 8, ' "The most fundamental insight which S derives from H is that any adequate theory of the nature of human experience is uniquely determined by man''s compreshnsion of the ''woirld'' in which he finds himself."', '43', 'bitw', NULL, 0, 16),
(658, 8, 'Cssnss is the desire to be. Implies negation', '54', '', NULL, 0, 17),
(659, 8, '  anguish is "a privileged emotion."   72: only angst is non-magical ', '61', 'angst', NULL, 0, 18),
(660, 8, ' "shame signifies awareness of my ''being-for-others''"', '67', 'angstu', NULL, 0, 19),
(661, 8, ' choice, freedom', '85', '', NULL, 0, 20),
(662, 8, 'S takes from H that emo is a way of bitw (129) but H doesn''t think emo = magical transfrmation of the world', '128', '', NULL, 0, 21),
(663, 8, 'Fell takes a simple case -- swatting a roach -- to show that S''s theory doesn''t hold up', '141', '', NULL, 0, 22),
(664, 8, '', '', '', NULL, 0, 1),
(665, 8, 'Why this topic? Because Sartre proposed that "the emotional response is an _act_, a ''chosen'' response which attempts to transform ''magically'' a situation which present difficulties not resolvabe by ordinary pragmatic means." [this makes emotion too clear. Explains it away. For Heid it is a hidden way the world shows itself.] ', 'vii', 'hidden', NULL, 0, 2),
(666, 8, ' "...for Sartre emtion is one  mode of that atempt to achieve self-identity which he holds to be the irreducible motionational explanation for all human behavior." ', 'viii', 'social', NULL, 0, 3),
(667, 8, ' He was wrting about emotion 13 yrs before S''s book', '3', '', NULL, 0, 4),
(668, 8, 'introduces H''s view of emotion by syaing it "something essential...is lost if emotion is studied in abstraction from concrete situations."', '3', 'concrete', NULL, 0, 5),
(669, 8, ' S''s first formulation: "Emoptional cssnss is, at first, cssnss _of_ the world."', '13', '', NULL, 0, 6),
(670, 8, 'S says: "Emotion is a certain way of apprehending the world." [this doesn''t sound radical]', '14', '', NULL, 0, 7),
(671, 8, 'Magical: We faint before gunman as a magical way to remove the threat. Counter-instrumental or pragmatic. [Emotion as a false disclosure]', '16', '', NULL, 0, 8),
(672, 8, ' "Emoion is a way of acting _on ourselfs_ when action in the pramatic world is of not avail. The ''magic'' consists in the fact that our action on ourselves..is intended as a transformation _of the world_..."', '17', '', NULL, 0, 9),
(673, 8, ' "It is significant that Sartre refers to emotino as a ''degradataion'' of cssnsss." "S''s catalog of emotions is a catalog of self-deceptions." (24) "If S is correct, _all_ emotions are negative -- in the sense that their purpose is to negate a problematic world."', '22', '', NULL, 0, 10),
(674, 8, 'Emotion [and thus deception] extend beyond the object of the emotion. "Emotion does not change me without changing the entire world."', '30', '', NULL, 0, 11),
(675, 8, 'Sartre''s second formulation, The Psychology of Imagination, "is in effect a systematic attempt to answer the question: To what extent dopes cssnss contribute to the constutitons of objects of cssnss?"', '35', '', NULL, 0, 12),
(676, 8, 'Sartre: "But the feeling of hatred is not the cssnss _of_ hatred; it is the cssnss _of_ Paul as hateful..." ', '39', 'concrete', NULL, 0, 13),
(677, 8, 'Imagination [the 2nd formulation of emotion] is also magical', '42', '', NULL, 0, 14),
(678, 8, 'S''s  "amjor and pivotal assumption": "...the character of  of css beavior  is originated solely by cssnss itself." 51 As S says:" Nothing but cssnss can be the source of cssnss." ', '51', 'ground', NULL, 0, 15),
(679, 8, ' "The most fundamental insight which S derives from H is that any adequate theory of the nature of human experience is uniquely determined by man''s compreshnsion of the ''woirld'' in which he finds himself."', '43', 'bitw', NULL, 0, 16),
(680, 8, 'Cssnss is the desire to be. Implies negation', '54', '', NULL, 0, 17),
(681, 8, '  anguish is "a privileged emotion."   72: only angst is non-magical ', '61', 'angst', NULL, 0, 18),
(682, 8, ' "shame signifies awareness of my ''being-for-others''"', '67', 'angstu', NULL, 0, 19),
(683, 8, ' choice, freedom', '85', '', NULL, 0, 20),
(684, 8, 'S takes from H that emo is a way of bitw (129) but H doesn''t think emo = magical transfrmation of the world', '128', '', NULL, 0, 21),
(685, 8, 'Fell takes a simple case -- swatting a roach -- to show that S''s theory doesn''t hold up', '141', '', NULL, 0, 22),
(686, 8, '', '', '', NULL, 0, 1),
(687, 8, 'Why this topic? Because Sartre proposed that "the emotional response is an _act_, a ''chosen'' response which attempts to transform ''magically'' a situation which present difficulties not resolvabe by ordinary pragmatic means." [this makes emotion too clear. Explains it away. For Heid it is a hidden way the world shows itself.] ', 'vii', 'hidden', NULL, 0, 2),
(688, 8, ' "...for Sartre emtion is one  mode of that atempt to achieve self-identity which he holds to be the irreducible motionational explanation for all human behavior." ', 'viii', 'social', NULL, 0, 3),
(689, 8, ' He was wrting about emotion 13 yrs before S''s book', '3', '', NULL, 0, 4),
(690, 8, 'introduces H''s view of emotion by syaing it "something essential...is lost if emotion is studied in abstraction from concrete situations."', '3', 'concrete', NULL, 0, 5),
(691, 8, ' S''s first formulation: "Emoptional cssnss is, at first, cssnss _of_ the world."', '13', '', NULL, 0, 6),
(692, 8, 'S says: "Emotion is a certain way of apprehending the world." [this doesn''t sound radical]', '14', '', NULL, 0, 7),
(693, 8, 'Magical: We faint before gunman as a magical way to remove the threat. Counter-instrumental or pragmatic. [Emotion as a false disclosure]', '16', '', NULL, 0, 8),
(694, 8, ' "Emoion is a way of acting _on ourselfs_ when action in the pramatic world is of not avail. The ''magic'' consists in the fact that our action on ourselves..is intended as a transformation _of the world_..."', '17', '', NULL, 0, 9),
(695, 8, ' "It is significant that Sartre refers to emotino as a ''degradataion'' of cssnsss." "S''s catalog of emotions is a catalog of self-deceptions." (24) "If S is correct, _all_ emotions are negative -- in the sense that their purpose is to negate a problematic world."', '22', '', NULL, 0, 10),
(696, 8, 'Emotion [and thus deception] extend beyond the object of the emotion. "Emotion does not change me without changing the entire world."', '30', '', NULL, 0, 11),
(697, 8, 'Sartre''s second formulation, The Psychology of Imagination, "is in effect a systematic attempt to answer the question: To what extent dopes cssnss contribute to the constutitons of objects of cssnss?"', '35', '', NULL, 0, 12),
(698, 8, 'Sartre: "But the feeling of hatred is not the cssnss _of_ hatred; it is the cssnss _of_ Paul as hateful..." ', '39', 'concrete', NULL, 0, 13),
(699, 8, 'Imagination [the 2nd formulation of emotion] is also magical', '42', '', NULL, 0, 14),
(700, 8, 'S''s  "amjor and pivotal assumption": "...the character of  of css beavior  is originated solely by cssnss itself." 51 As S says:" Nothing but cssnss can be the source of cssnss." ', '51', 'ground', NULL, 0, 15),
(701, 8, ' "The most fundamental insight which S derives from H is that any adequate theory of the nature of human experience is uniquely determined by man''s compreshnsion of the ''woirld'' in which he finds himself."', '43', 'bitw', NULL, 0, 16),
(702, 8, 'Cssnss is the desire to be. Implies negation', '54', '', NULL, 0, 17),
(703, 8, '  anguish is "a privileged emotion."   72: only angst is non-magical ', '61', 'angst', NULL, 0, 18),
(704, 8, ' "shame signifies awareness of my ''being-for-others''"', '67', 'angstu', NULL, 0, 19),
(705, 8, ' choice, freedom', '85', '', NULL, 0, 20),
(706, 8, 'S takes from H that emo is a way of bitw (129) but H doesn''t think emo = magical transfrmation of the world', '128', '', NULL, 0, 21),
(707, 8, 'Fell takes a simple case -- swatting a roach -- to show that S''s theory doesn''t hold up', '141', '', NULL, 0, 22),
(708, 0, '', '', '', NULL, 0, 1),
(709, 0, 'Why this topic? Because Sartre proposed that "the emotional response is an _act_, a ''chosen'' response which attempts to transform ''magically'' a situation which present difficulties not resolvabe by ordinary pragmatic means." [this makes emotion too clear. Explains it away. For Heid it is a hidden way the world shows itself.] ', 'vii', 'hidden', NULL, 0, 2),
(710, 0, ' "...for Sartre emtion is one  mode of that atempt to achieve self-identity which he holds to be the irreducible motionational explanation for all human behavior." ', 'viii', 'social', NULL, 0, 3),
(711, 0, ' He was wrting about emotion 13 yrs before S''s book', '3', '', NULL, 0, 4),
(712, 0, 'introduces H''s view of emotion by syaing it "something essential...is lost if emotion is studied in abstraction from concrete situations."', '3', 'concrete', NULL, 0, 5),
(713, 0, ' S''s first formulation: "Emoptional cssnss is, at first, cssnss _of_ the world."', '13', '', NULL, 0, 6),
(714, 0, 'S says: "Emotion is a certain way of apprehending the world." [this doesn''t sound radical]', '14', '', NULL, 0, 7),
(715, 0, 'Magical: We faint before gunman as a magical way to remove the threat. Counter-instrumental or pragmatic. [Emotion as a false disclosure]', '16', '', NULL, 0, 8),
(716, 0, ' "Emoion is a way of acting _on ourselfs_ when action in the pramatic world is of not avail. The ''magic'' consists in the fact that our action on ourselves..is intended as a transformation _of the world_..."', '17', '', NULL, 0, 9),
(717, 0, ' "It is significant that Sartre refers to emotino as a ''degradataion'' of cssnsss." "S''s catalog of emotions is a catalog of self-deceptions." (24) "If S is correct, _all_ emotions are negative -- in the sense that their purpose is to negate a problematic world."', '22', '', NULL, 0, 10),
(718, 0, 'Emotion [and thus deception] extend beyond the object of the emotion. "Emotion does not change me without changing the entire world."', '30', '', NULL, 0, 11),
(719, 0, 'Sartre''s second formulation, The Psychology of Imagination, "is in effect a systematic attempt to answer the question: To what extent dopes cssnss contribute to the constutitons of objects of cssnss?"', '35', '', NULL, 0, 12),
(720, 0, 'Sartre: "But the feeling of hatred is not the cssnss _of_ hatred; it is the cssnss _of_ Paul as hateful..." ', '39', 'concrete', NULL, 0, 13),
(721, 0, 'Imagination [the 2nd formulation of emotion] is also magical', '42', '', NULL, 0, 14),
(722, 0, 'S''s  "amjor and pivotal assumption": "...the character of  of css beavior  is originated solely by cssnss itself." 51 As S says:" Nothing but cssnss can be the source of cssnss." ', '51', 'ground', NULL, 0, 15),
(723, 0, ' "The most fundamental insight which S derives from H is that any adequate theory of the nature of human experience is uniquely determined by man''s compreshnsion of the ''woirld'' in which he finds himself."', '43', 'bitw', NULL, 0, 16),
(724, 0, 'Cssnss is the desire to be. Implies negation', '54', '', NULL, 0, 17),
(725, 0, '  anguish is "a privileged emotion."   72: only angst is non-magical ', '61', 'angst', NULL, 0, 18),
(726, 0, ' "shame signifies awareness of my ''being-for-others''"', '67', 'angstu', NULL, 0, 19),
(727, 0, ' choice, freedom', '85', '', NULL, 0, 20),
(728, 0, 'S takes from H that emo is a way of bitw (129) but H doesn''t think emo = magical transfrmation of the world', '128', '', NULL, 0, 21),
(729, 0, 'Fell takes a simple case -- swatting a roach -- to show that S''s theory doesn''t hold up', '141', '', NULL, 0, 22),
(730, 8, '', '', '', NULL, 0, 1),
(731, 8, 'Why this topic? Because Sartre proposed that "the emotional response is an _act_, a ''chosen'' response which attempts to transform ''magically'' a situation which present difficulties not resolvabe by ordinary pragmatic means." [this makes emotion too clear. Explains it away. For Heid it is a hidden way the world shows itself.] ', 'vii', 'hidden', NULL, 0, 2),
(732, 8, ' "...for Sartre emtion is one  mode of that atempt to achieve self-identity which he holds to be the irreducible motionational explanation for all human behavior." ', 'viii', 'social', NULL, 0, 3),
(733, 8, ' He was wrting about emotion 13 yrs before S''s book', '3', '', NULL, 0, 4),
(734, 8, 'introduces H''s view of emotion by syaing it "something essential...is lost if emotion is studied in abstraction from concrete situations."', '3', 'concrete', NULL, 0, 5),
(735, 8, ' S''s first formulation: "Emoptional cssnss is, at first, cssnss _of_ the world."', '13', '', NULL, 0, 6),
(736, 8, 'S says: "Emotion is a certain way of apprehending the world." [this doesn''t sound radical]', '14', '', NULL, 0, 7),
(737, 8, 'Magical: We faint before gunman as a magical way to remove the threat. Counter-instrumental or pragmatic. [Emotion as a false disclosure]', '16', '', NULL, 0, 8),
(738, 8, ' "Emoion is a way of acting _on ourselfs_ when action in the pramatic world is of not avail. The ''magic'' consists in the fact that our action on ourselves..is intended as a transformation _of the world_..."', '17', '', NULL, 0, 9),
(739, 8, ' "It is significant that Sartre refers to emotino as a ''degradataion'' of cssnsss." "S''s catalog of emotions is a catalog of self-deceptions." (24) "If S is correct, _all_ emotions are negative -- in the sense that their purpose is to negate a problematic world."', '22', '', NULL, 0, 10),
(740, 8, 'Emotion [and thus deception] extend beyond the object of the emotion. "Emotion does not change me without changing the entire world."', '30', '', NULL, 0, 11),
(741, 8, 'Sartre''s second formulation, The Psychology of Imagination, "is in effect a systematic attempt to answer the question: To what extent dopes cssnss contribute to the constutitons of objects of cssnss?"', '35', '', NULL, 0, 12),
(742, 8, 'Sartre: "But the feeling of hatred is not the cssnss _of_ hatred; it is the cssnss _of_ Paul as hateful..." ', '39', 'concrete', NULL, 0, 13),
(743, 8, 'Imagination [the 2nd formulation of emotion] is also magical', '42', '', NULL, 0, 14),
(744, 8, 'S''s  "amjor and pivotal assumption": "...the character of  of css beavior  is originated solely by cssnss itself." 51 As S says:" Nothing but cssnss can be the source of cssnss." ', '51', 'ground', NULL, 0, 15),
(745, 8, ' "The most fundamental insight which S derives from H is that any adequate theory of the nature of human experience is uniquely determined by man''s compreshnsion of the ''woirld'' in which he finds himself."', '43', 'bitw', NULL, 0, 16),
(746, 8, 'Cssnss is the desire to be. Implies negation', '54', '', NULL, 0, 17),
(747, 8, '  anguish is "a privileged emotion."   72: only angst is non-magical ', '61', 'angst', NULL, 0, 18),
(748, 8, ' "shame signifies awareness of my ''being-for-others''"', '67', 'angstu', NULL, 0, 19),
(749, 8, ' choice, freedom', '85', '', NULL, 0, 20),
(750, 8, 'S takes from H that emo is a way of bitw (129) but H doesn''t think emo = magical transfrmation of the world', '128', '', NULL, 0, 21),
(751, 8, 'Fell takes a simple case -- swatting a roach -- to show that S''s theory doesn''t hold up', '141', '', NULL, 0, 22),
(752, 8, '', '', '', NULL, 0, 1),
(753, 8, 'Why this topic? Because Sartre proposed that "the emotional response is an _act_, a ''chosen'' response which attempts to transform ''magically'' a situation which present difficulties not resolvabe by ordinary pragmatic means." [this makes emotion too clear. Explains it away. For Heid it is a hidden way the world shows itself.] ', 'vii', 'hidden', NULL, 0, 2),
(754, 8, ' "...for Sartre emtion is one  mode of that atempt to achieve self-identity which he holds to be the irreducible motionational explanation for all human behavior." ', 'viii', 'social', NULL, 0, 3),
(755, 8, ' He was wrting about emotion 13 yrs before S''s book', '3', '', NULL, 0, 4),
(756, 8, 'introduces H''s view of emotion by syaing it "something essential...is lost if emotion is studied in abstraction from concrete situations."', '3', 'concrete', NULL, 0, 5),
(757, 8, ' S''s first formulation: "Emoptional cssnss is, at first, cssnss _of_ the world."', '13', '', NULL, 0, 6),
(758, 8, 'S says: "Emotion is a certain way of apprehending the world." [this doesn''t sound radical]', '14', '', NULL, 0, 7),
(759, 8, 'Magical: We faint before gunman as a magical way to remove the threat. Counter-instrumental or pragmatic. [Emotion as a false disclosure]', '16', '', NULL, 0, 8),
(760, 8, ' "Emoion is a way of acting _on ourselfs_ when action in the pramatic world is of not avail. The ''magic'' consists in the fact that our action on ourselves..is intended as a transformation _of the world_..."', '17', '', NULL, 0, 9),
(761, 8, ' "It is significant that Sartre refers to emotino as a ''degradataion'' of cssnsss." "S''s catalog of emotions is a catalog of self-deceptions." (24) "If S is correct, _all_ emotions are negative -- in the sense that their purpose is to negate a problematic world."', '22', '', NULL, 0, 10),
(762, 8, 'Emotion [and thus deception] extend beyond the object of the emotion. "Emotion does not change me without changing the entire world."', '30', '', NULL, 0, 11),
(763, 8, 'Sartre''s second formulation, The Psychology of Imagination, "is in effect a systematic attempt to answer the question: To what extent dopes cssnss contribute to the constutitons of objects of cssnss?"', '35', '', NULL, 0, 12),
(764, 8, 'Sartre: "But the feeling of hatred is not the cssnss _of_ hatred; it is the cssnss _of_ Paul as hateful..." ', '39', 'concrete', NULL, 0, 13),
(765, 8, 'Imagination [the 2nd formulation of emotion] is also magical', '42', '', NULL, 0, 14),
(766, 8, 'S''s  "amjor and pivotal assumption": "...the character of  of css beavior  is originated solely by cssnss itself." 51 As S says:" Nothing but cssnss can be the source of cssnss." ', '51', 'ground', NULL, 0, 15),
(767, 8, ' "The most fundamental insight which S derives from H is that any adequate theory of the nature of human experience is uniquely determined by man''s compreshnsion of the ''woirld'' in which he finds himself."', '43', 'bitw', NULL, 0, 16),
(768, 8, 'Cssnss is the desire to be. Implies negation', '54', '', NULL, 0, 17),
(769, 8, '  anguish is "a privileged emotion."   72: only angst is non-magical ', '61', 'angst', NULL, 0, 18),
(770, 8, ' "shame signifies awareness of my ''being-for-others''"', '67', 'angstu', NULL, 0, 19),
(771, 8, ' choice, freedom', '85', '', NULL, 0, 20),
(772, 8, 'S takes from H that emo is a way of bitw (129) but H doesn''t think emo = magical transfrmation of the world', '128', '', NULL, 0, 21),
(773, 8, 'Fell takes a simple case -- swatting a roach -- to show that S''s theory doesn''t hold up', '141', '', NULL, 0, 22);

-- --------------------------------------------------------

--
-- Table structure for table `playlistentries`
--

CREATE TABLE `playlistentries` (
  `id` int(11) unsigned NOT NULL AUTO_INCREMENT,
  `title` text,
  `user` text NOT NULL,
  `project` text NOT NULL,
  `noteid` int(11) NOT NULL,
  `bookid` int(11) NOT NULL,
  `modified` date DEFAULT NULL,
  `visible` tinyint(1) DEFAULT NULL,
  PRIMARY KEY (`id`),
  UNIQUE KEY `noteidtitle` (`noteid`,`title`(100))
) ENGINE=MyISAM  DEFAULT CHARSET=latin1 AUTO_INCREMENT=11 ;

--
-- Dumping data for table `playlistentries`
--

INSERT INTO `playlistentries` (`id`, `title`, `user`, `project`, `noteid`, `bookid`, `modified`, `visible`) VALUES
(1, '<textarea class="topictextclass" onblur="saveTopicBoxTitle(this)"></textarea>', 'dw', 'future', 34, 10, NULL, NULL),
(3, 'future vs. past\n', 'dw', 'Future2', 119, 25, NULL, NULL),
(4, 'future vs. past\n', 'dw', 'Future2', 121, 25, NULL, NULL),
(5, 'future vs. past\n', 'dw', 'Future2', 120, 25, NULL, NULL),
(10, 'past vs. future\n', 'dw', 'Future2', 111, 25, NULL, NULL),
(7, 'past vs. future\n', 'dw', 'Future2', 121, 25, NULL, NULL),
(8, 'past vs. future\n', 'dw', 'Future2', 120, 25, NULL, NULL),
(9, 'future vs. past\n', 'dw', 'Future2', 123, 25, NULL, NULL);

-- --------------------------------------------------------

--
-- Table structure for table `playlists`
--

CREATE TABLE `playlists` (
  `id` int(11) unsigned NOT NULL AUTO_INCREMENT,
  `title` text,
  `user` text,
  `comment` text,
  `created` date DEFAULT NULL,
  `project` text,
  PRIMARY KEY (`id`)
) ENGINE=MyISAM  DEFAULT CHARSET=latin1 AUTO_INCREMENT=6 ;

--
-- Dumping data for table `playlists`
--

INSERT INTO `playlists` (`id`, `title`, `user`, `comment`, `created`, `project`) VALUES
(3, 'test title', 'dw', NULL, NULL, 'future'),
(4, 'future vs. past', 'dw', NULL, NULL, 'Future2'),
(5, 'past vs. future', 'dw', NULL, NULL, 'Future2');

-- --------------------------------------------------------

--
-- Table structure for table `projects`
--

CREATE TABLE `projects` (
  `id` int(11) unsigned NOT NULL AUTO_INCREMENT,
  `name` text,
  `description` text,
  `user` text,
  `created` text,
  PRIMARY KEY (`id`)
) ENGINE=MyISAM  DEFAULT CHARSET=latin1 AUTO_INCREMENT=5 ;

--
-- Dumping data for table `projects`
--

INSERT INTO `projects` (`id`, `name`, `description`, `user`, `created`) VALUES
(1, 'future', 'what is the future', 'dw', NULL),
(2, 'Future2', 'totally different future project', 'dw', NULL),
(3, 'infohist', 'the history of information', 'dw', NULL),
(4, 'Fell', 'Joseph%20Fell%20Festschrift', 'dw', NULL);

-- --------------------------------------------------------

--
-- Table structure for table `tags`
--

CREATE TABLE `tags` (
  `tagid` int(11) NOT NULL AUTO_INCREMENT,
  `tag` text,
  `noteid` int(11) DEFAULT NULL,
  `bookid` int(11) DEFAULT NULL,
  PRIMARY KEY (`tagid`),
  FULLTEXT KEY `tags_index` (`tag`),
  FULLTEXT KEY `tag` (`tag`)
) ENGINE=MyISAM  DEFAULT CHARSET=latin1 AUTO_INCREMENT=381 ;

--
-- Dumping data for table `tags`
--

INSERT INTO `tags` (`tagid`, `tag`, `noteid`, `bookid`) VALUES
(12, 'one', 12, 8),
(11, 'econ', 12, 8),
(13, 'present', 13, 8),
(14, 'two', 13, 8),
(38, '1', 47, 10),
(33, 'readLater', 48, 10),
(32, 'progress', 45, 10),
(31, 'readLater', 45, 10),
(30, 'progress', 44, 10),
(29, 'readLater', 44, 10),
(28, 'progress', 36, 10),
(27, 'readLater', 36, 10),
(26, 'progress', 34, 10),
(25, 'van Doren', 34, 10),
(35, 'progress', 46, 10),
(36, 'readLater', 47, 10),
(37, 'progress', 47, 10),
(39, '1', 34, 10),
(40, '2', 34, 10),
(41, 'tag2', 50, 11),
(42, 'tag3', 51, 11),
(43, 'history', 53, 12),
(44, 'prediction', 69, 16),
(45, 'progress', 74, 16),
(46, 'history', 74, 16),
(47, 'optimism', 77, 16),
(48, 'art', 86, 17),
(49, 'history', 95, 21),
(50, 'data', 95, 21),
(51, 'history', 95, 21),
(52, 'history', 95, 21),
(53, 'pomo', 96, 21),
(54, 'history', 96, 21),
(55, 'history', 96, 21),
(56, 'progress', 98, 21),
(57, 'history', 98, 21),
(58, 'history', 98, 21),
(59, 'internet', 101, 23),
(60, 'progress', 106, 25),
(61, 'egypt', 106, 25),
(62, 'egypt', 106, 25),
(63, 'death', 108, 25),
(64, 'egypt', 108, 25),
(65, 'egypt', 108, 25),
(66, 'death', 109, 25),
(67, 'egypt', 109, 25),
(68, 'egypt', 109, 25),
(69, 'story', 116, 25),
(70, 'Mesopotamia', 116, 25),
(71, 'Mesopotamia', 116, 25),
(72, 'death', 119, 25),
(73, 'Christianity', 119, 25),
(74, 'Christianity', 119, 25),
(75, 'kant', 121, 25),
(76, 'USA', 122, 25),
(77, 'USA', 123, 25),
(78, 'USA', 124, 25),
(79, 'null', 54, 13),
(80, 'ground', 143, 31),
(81, 'begin', 143, 31),
(82, 'ground', 144, 31),
(83, 'origin', 144, 31),
(84, 'situation', 144, 31),
(85, '47 time', 145, 31),
(86, 'time', 146, 31),
(87, 'origin', 147, 31),
(88, 'time', 147, 31),
(89, 'time', 149, 31),
(153, 'always already', 203, 35),
(152, 'always already', 202, 35),
(151, 'rupture', 202, 35),
(150, 'rupture', 201, 35),
(149, 'prior community', 198, 35),
(148, 'ground', 197, 35),
(147, 'thrown', 194, 35),
(146, 'already', 193, 35),
(145, 'community', 193, 35),
(144, 'thrown', 192, 35),
(143, 'history', 191, 35),
(142, 'thrown', 191, 35),
(141, 'history', 190, 35),
(140, 'thrown', 190, 35),
(107, 'forgetting', 169, 33),
(108, 'hidden', 169, 33),
(109, 'beginning', 170, 33),
(110, 'beginning', 171, 33),
(111, 'hidden', 171, 33),
(112, 'near', 171, 33),
(113, 'hidden', 172, 33),
(114, 'fourfold', 172, 33),
(115, 'beginning', 173, 33),
(116, 'time', 174, 33),
(117, 'beginning', 174, 33),
(118, 'death', 175, 33),
(119, 'hidden', 175, 33),
(120, 'being', 175, 33),
(121, 'absence', 176, 33),
(122, 'greek', 177, 34),
(123, 'authenticity', 178, 34),
(124, 'seeming', 178, 34),
(125, 'authenticity', 179, 34),
(126, 'seeming', 179, 34),
(127, 'fourfold', 179, 34),
(128, 'absence', 181, 34),
(129, 'hidden', 182, 34),
(130, 'seeming', 182, 34),
(131, 'hidden', 183, 34),
(132, 'authenticity', 184, 34),
(133, 'hidden', 184, 34),
(134, 'hidden', 186, 34),
(135, 'authenticity', 186, 34),
(136, 'hidden', 187, 34),
(137, 'seeming', 187, 34),
(138, 'authenticity', 187, 34),
(139, 'hidden', 188, 34),
(154, 'authenticity', 204, 35),
(155, 'aristotle', 205, 35),
(156, 'aristotle', 206, 35),
(157, 'play', 208, 35),
(158, 'fallible', 209, 35),
(159, 'fallible', 210, 35),
(160, 'ground', 211, 35),
(161, 'vp', 212, 35),
(162, 'imoyu of its ground as the unity of thought and being', 212, 35),
(163, 'always-already', 213, 35),
(164, 'ground', 216, 35),
(165, 'turn', 216, 35),
(166, 'precedent', 217, 35),
(167, 'aristotle', 217, 35),
(168, 'phil', 218, 36),
(169, 'situated', 218, 36),
(170, 'hidden', 219, 36),
(171, 'awe', 220, 36),
(172, 'situated', 221, 36),
(173, 'situated', 222, 36),
(174, 'situated', 223, 36),
(175, 'situated', 224, 36),
(176, 'situated', 225, 36),
(177, 'care', 225, 36),
(178, 'situated', 226, 36),
(179, 'situated', 227, 36),
(180, 'care', 227, 36),
(181, 'possibility', 233, 36),
(182, 'possibility', 238, 36),
(183, 'possibility', 239, 36),
(184, 'possiblity', 241, 36),
(185, 'possibilities', 244, 36),
(186, 'hidden', 244, 36),
(187, 'possibilitiy', 245, 36),
(188, 'hidden', 245, 36),
(189, 'hidden', 247, 0),
(190, 'social', 248, 0),
(191, 'concrete', 250, 0),
(192, 'concrete', 258, 0),
(193, 'ground', 260, 0),
(194, 'bitw', 261, 0),
(195, 'angst', 263, 0),
(196, 'angstu', 264, 0),
(197, 'hidden', 269, 0),
(198, 'social', 270, 0),
(199, 'concrete', 272, 0),
(200, 'concrete', 280, 0),
(201, 'ground', 282, 0),
(202, 'bitw', 283, 0),
(203, 'angst', 285, 0),
(204, 'angstu', 286, 0),
(205, 'hidden', 291, 0),
(206, 'social', 292, 0),
(207, 'concrete', 294, 0),
(208, 'concrete', 302, 0),
(209, 'ground', 304, 0),
(210, 'bitw', 305, 0),
(211, 'angst', 307, 0),
(212, 'angstu', 308, 0),
(213, 'hidden', 313, 0),
(214, 'social', 314, 0),
(215, 'concrete', 316, 0),
(216, 'concrete', 324, 0),
(217, 'ground', 326, 0),
(218, 'bitw', 327, 0),
(219, 'angst', 329, 0),
(220, 'angstu', 330, 0),
(221, 'hidden', 335, 0),
(222, 'social', 336, 0),
(223, 'concrete', 338, 0),
(224, 'concrete', 346, 0),
(225, 'ground', 348, 0),
(226, 'bitw', 349, 0),
(227, 'angst', 351, 0),
(228, 'angstu', 352, 0),
(229, 'hidden', 357, 0),
(230, 'social', 358, 0),
(231, 'concrete', 360, 0),
(232, 'concrete', 368, 0),
(233, 'ground', 370, 0),
(234, 'bitw', 371, 0),
(235, 'angst', 373, 0),
(236, 'angstu', 374, 0),
(237, 'hidden', 379, 0),
(238, 'social', 380, 0),
(239, 'concrete', 382, 0),
(240, 'concrete', 390, 0),
(241, 'ground', 392, 0),
(242, 'bitw', 393, 0),
(243, 'angst', 395, 0),
(244, 'angstu', 396, 0),
(245, 'hidden', 401, 0),
(246, 'social', 402, 0),
(247, 'concrete', 404, 0),
(248, 'concrete', 412, 0),
(249, 'ground', 414, 0),
(250, 'bitw', 415, 0),
(251, 'angst', 417, 0),
(252, 'angstu', 418, 0),
(253, 'hidden', 423, 0),
(254, 'social', 424, 0),
(255, 'concrete', 426, 0),
(256, 'concrete', 434, 0),
(257, 'ground', 436, 0),
(258, 'bitw', 437, 0),
(259, 'angst', 439, 0),
(260, 'angstu', 440, 0),
(261, 'hidden', 445, 0),
(262, 'social', 446, 0),
(263, 'concrete', 448, 0),
(264, 'concrete', 456, 0),
(265, 'ground', 458, 0),
(266, 'bitw', 459, 0),
(267, 'angst', 461, 0),
(268, 'angstu', 462, 0),
(269, 'hidden', 467, 8),
(270, 'social', 468, 8),
(271, 'concrete', 470, 8),
(272, 'concrete', 478, 8),
(273, 'ground', 480, 8),
(274, 'bitw', 481, 8),
(275, 'angst', 483, 8),
(276, 'angstu', 484, 8),
(277, 'hidden', 489, 8),
(278, 'social', 490, 8),
(279, 'concrete', 492, 8),
(280, 'concrete', 500, 8),
(281, 'ground', 502, 8),
(282, 'bitw', 503, 8),
(283, 'angst', 505, 8),
(284, 'angstu', 506, 8),
(285, 'hidden', 511, 8),
(286, 'social', 512, 8),
(287, 'concrete', 514, 8),
(288, 'concrete', 522, 8),
(289, 'ground', 524, 8),
(290, 'bitw', 525, 8),
(291, 'angst', 527, 8),
(292, 'angstu', 528, 8),
(293, 'hidden', 533, 8),
(294, 'social', 534, 8),
(295, 'concrete', 536, 8),
(296, 'concrete', 544, 8),
(297, 'ground', 546, 8),
(298, 'bitw', 547, 8),
(299, 'angst', 549, 8),
(300, 'angstu', 550, 8),
(301, 'hidden', 555, 8),
(302, 'social', 556, 8),
(303, 'concrete', 558, 8),
(304, 'concrete', 566, 8),
(305, 'ground', 568, 8),
(306, 'bitw', 569, 8),
(307, 'angst', 571, 8),
(308, 'angstu', 572, 8),
(309, 'hidden', 577, 8),
(310, 'social', 578, 8),
(311, 'concrete', 580, 8),
(312, 'concrete', 588, 8),
(313, 'ground', 590, 8),
(314, 'bitw', 591, 8),
(315, 'angst', 593, 8),
(316, 'angstu', 594, 8),
(317, 'hidden', 599, 8),
(318, 'social', 600, 8),
(319, 'concrete', 602, 8),
(320, 'concrete', 610, 8),
(321, 'ground', 612, 8),
(322, 'bitw', 613, 8),
(323, 'angst', 615, 8),
(324, 'angstu', 616, 8),
(325, 'hidden', 621, 8),
(326, 'social', 622, 8),
(327, 'concrete', 624, 8),
(328, 'concrete', 632, 8),
(329, 'ground', 634, 8),
(330, 'bitw', 635, 8),
(331, 'angst', 637, 8),
(332, 'angstu', 638, 8),
(333, 'hidden', 643, 8),
(334, 'social', 644, 8),
(335, 'concrete', 646, 8),
(336, 'concrete', 654, 8),
(337, 'ground', 656, 8),
(338, 'bitw', 657, 8),
(339, 'angst', 659, 8),
(340, 'angstu', 660, 8),
(341, 'hidden', 665, 8),
(342, 'social', 666, 8),
(343, 'concrete', 668, 8),
(344, 'concrete', 676, 8),
(345, 'ground', 678, 8),
(346, 'bitw', 679, 8),
(347, 'angst', 681, 8),
(348, 'angstu', 682, 8),
(349, 'hidden', 687, 8),
(350, 'social', 688, 8),
(351, 'concrete', 690, 8),
(352, 'concrete', 698, 8),
(353, 'ground', 700, 8),
(354, 'bitw', 701, 8),
(355, 'angst', 703, 8),
(356, 'angstu', 704, 8),
(357, 'hidden', 709, 0),
(358, 'social', 710, 0),
(359, 'concrete', 712, 0),
(360, 'concrete', 720, 0),
(361, 'ground', 722, 0),
(362, 'bitw', 723, 0),
(363, 'angst', 725, 0),
(364, 'angstu', 726, 0),
(365, 'hidden', 731, 8),
(366, 'social', 732, 8),
(367, 'concrete', 734, 8),
(368, 'concrete', 742, 8),
(369, 'ground', 744, 8),
(370, 'bitw', 745, 8),
(371, 'angst', 747, 8),
(372, 'angstu', 748, 8),
(373, 'hidden', 753, 8),
(374, 'social', 754, 8),
(375, 'concrete', 756, 8),
(376, 'concrete', 764, 8),
(377, 'ground', 766, 8),
(378, 'bitw', 767, 8),
(379, 'angst', 769, 8),
(380, 'angstu', 770, 8);

-- --------------------------------------------------------

--
-- Table structure for table `users`
--

CREATE TABLE `users` (
  `userid` int(11) unsigned NOT NULL AUTO_INCREMENT,
  `username` text,
  `email` text,
  `created` date DEFAULT NULL,
  `password` text,
  PRIMARY KEY (`userid`)
) ENGINE=MyISAM  DEFAULT CHARSET=latin1 AUTO_INCREMENT=3 ;

--
-- Dumping data for table `users`
--

INSERT INTO `users` (`userid`, `username`, `email`, `created`, `password`) VALUES
(1, 'dw', 'self@evident.com', '0000-00-00', 'nn'),
(2, 'ffff', '', NULL, 'gggg');
